solid OpenSCAD_Model
  facet normal -0.6715589557743872 -0.7409511245144411 0
    outer loop
      vertex 1.4644660949707031 1.4644660949707031 0
      vertex 1.8280335813760757 1.13494773209095 0
      vertex 1.4644660949707031 1.4644660949707031 25
    endloop
  endfacet
  facet normal -0.857728606695699 -0.5141027497065687 0
    outer loop
      vertex 0.842651940882206 2.222148835659027 0
      vertex 0.590393677353859 2.643016315996647 25
      vertex 0.590393677353859 2.643016315996647 0
    endloop
  endfacet
  facet normal -0.9039892942597552 -0.42755509102775247 0
    outer loop
      vertex 0.3806023374199867 3.086582839488983 0
      vertex 0.590393677353859 2.643016315996647 0
      vertex 0.3806023374199867 3.086582839488983 25
    endloop
  endfacet
  facet normal -0.7409511245144411 -0.6715589557743872 0
    outer loop
      vertex 1.4644660949707031 1.4644660949707031 0
      vertex 1.13494773209095 1.8280335813760757 25
      vertex 1.13494773209095 1.8280335813760757 0
    endloop
  endfacet
  facet normal -0.8032075338446834 -0.5956993013048966 0
    outer loop
      vertex 0.842651940882206 2.222148835659027 0
      vertex 1.13494773209095 1.8280335813760757 0
      vertex 0.842651940882206 2.222148835659027 25
    endloop
  endfacet
  facet normal -0.5141027497065687 -0.857728606695699 0
    outer loop
      vertex 2.643016315996647 0.590393677353859 0
      vertex 2.222148835659027 0.842651940882206 25
      vertex 2.222148835659027 0.842651940882206 0
    endloop
  endfacet
  facet normal -0.5956993013048966 -0.8032075338446834 0
    outer loop
      vertex 1.8280335813760757 1.13494773209095 0
      vertex 2.222148835659027 0.842651940882206 0
      vertex 1.8280335813760757 1.13494773209095 25
    endloop
  endfacet
  facet normal -0.42755509102775247 -0.9039892942597552 0
    outer loop
      vertex 2.643016315996647 0.590393677353859 0
      vertex 3.086582839488983 0.3806023374199867 0
      vertex 2.643016315996647 0.590393677353859 25
    endloop
  endfacet
  facet normal -0.33688984659619614 -0.941544067614677 0
    outer loop
      vertex 3.086582839488983 0.3806023374199867 0
      vertex 3.5485766157507896 0.21529832482337952 0
      vertex 3.086582839488983 0.3806023374199867 25
    endloop
  endfacet
  facet normal -0.941544067614677 -0.33688984659619614 0
    outer loop
      vertex 0.3806023374199867 3.086582839488983 0
      vertex 0.21529832482337952 3.5485766157507896 25
      vertex 0.21529832482337952 3.5485766157507896 0
    endloop
  endfacet
  facet normal -0.9700312510179107 -0.242980188592871 0
    outer loop
      vertex 0.21529832482337952 3.5485766157507896 0
      vertex 0.09607359766960144 4.024548389017582 25
      vertex 0.09607359766960144 4.024548389017582 0
    endloop
  endfacet
  facet normal -0.9891765097240051 -0.14673047607854156 0
    outer loop
      vertex 0.09607359766960144 4.024548389017582 0
      vertex 0.024076364934444427 4.509914301335812 25
      vertex 0.024076364934444427 4.509914301335812 0
    endloop
  endfacet
  facet normal -0.9987954563607843 -0.049067671159865246 0
    outer loop
      vertex 0.024076364934444427 4.509914301335812 0
      vertex 0 5 25
      vertex 0 5 0
    endloop
  endfacet
  facet normal -0.242980188592871 -0.9700312510179107 0
    outer loop
      vertex 3.5485766157507896 0.21529832482337952 0
      vertex 4.024548389017582 0.09607359766960144 0
      vertex 3.5485766157507896 0.21529832482337952 25
    endloop
  endfacet
  facet normal -0.14673047607854156 -0.9891765097240051 0
    outer loop
      vertex 4.024548389017582 0.09607359766960144 0
      vertex 4.509914301335812 0.024076364934444427 0
      vertex 4.024548389017582 0.09607359766960144 25
    endloop
  endfacet
  facet normal -0.049067671159865246 -0.9987954563607843 0
    outer loop
      vertex 4.509914301335812 0.024076364934444427 0
      vertex 5 0 0
      vertex 4.509914301335812 0.024076364934444427 25
    endloop
  endfacet
  facet normal 0 0 -1
    outer loop
      vertex 1.4644660949707031 1.4644660949707031 0
      vertex 1.13494773209095 1.8280335813760757 0
      vertex 1.13494773209095 198.17196641862392 0
    endloop
  endfacet
  facet normal 0 0 -1
    outer loop
      vertex 1.4644660949707031 1.4644660949707031 0
      vertex 1.4644660949707031 198.5355339050293 0
      vertex 1.8280335813760757 1.13494773209095 0
    endloop
  endfacet
  facet normal 0 0 -1
    outer loop
      vertex 0.21529832482337952 3.5485766157507896 0
      vertex 0.09607359766960144 4.024548389017582 0
      vertex 0.09607359766960144 195.97545161098242 0
    endloop
  endfacet
  facet normal 0 0 -1
    outer loop
      vertex 0.3806023374199867 3.086582839488983 0
      vertex 0.21529832482337952 3.5485766157507896 0
      vertex 0.21529832482337952 196.4514233842492 0
    endloop
  endfacet
  facet normal 0 0 -1
    outer loop
      vertex 0.3806023374199867 3.086582839488983 0
      vertex 0.3806023374199867 196.91341716051102 0
      vertex 0.590393677353859 2.643016315996647 0
    endloop
  endfacet
  facet normal 0 0 -1
    outer loop
      vertex 0.842651940882206 2.222148835659027 0
      vertex 0.590393677353859 2.643016315996647 0
      vertex 0.590393677353859 197.35698368400335 0
    endloop
  endfacet
  facet normal 0 0 -1
    outer loop
      vertex 0.09607359766960144 4.024548389017582 0
      vertex 0.024076364934444427 4.509914301335812 0
      vertex 0.024076364934444427 195.4900856986642 0
    endloop
  endfacet
  facet normal 0 0 -1
    outer loop
      vertex 0.024076364934444427 4.509914301335812 0
      vertex 0 5 0
      vertex 0 195 0
    endloop
  endfacet
  facet normal 0 0 -1
    outer loop
      vertex 0.842651940882206 2.222148835659027 0
      vertex 0.842651940882206 197.77785116434097 0
      vertex 1.13494773209095 1.8280335813760757 0
    endloop
  endfacet
  facet normal 0 0 -1
    outer loop
      vertex 1.8280335813760757 1.13494773209095 0
      vertex 1.8280335813760757 198.86505226790905 0
      vertex 2.222148835659027 0.842651940882206 0
    endloop
  endfacet
  facet normal 0 0 -1
    outer loop
      vertex 2.643016315996647 0.590393677353859 0
      vertex 2.222148835659027 0.842651940882206 0
      vertex 2.222148835659027 199.1573480591178 0
    endloop
  endfacet
  facet normal 0 0 -1
    outer loop
      vertex 2.643016315996647 0.590393677353859 0
      vertex 2.643016315996647 199.40960632264614 0
      vertex 3.086582839488983 0.3806023374199867 0
    endloop
  endfacet
  facet normal 0 0 -1
    outer loop
      vertex 3.086582839488983 0.3806023374199867 0
      vertex 3.086582839488983 199.61939766258 0
      vertex 3.5485766157507896 0.21529832482337952 0
    endloop
  endfacet
  facet normal 0 0 -1
    outer loop
      vertex 3.5485766157507896 0.21529832482337952 0
      vertex 3.5485766157507896 199.78470167517662 0
      vertex 4.024548389017582 0.09607359766960144 0
    endloop
  endfacet
  facet normal 0 0 -1
    outer loop
      vertex 4.024548389017582 0.09607359766960144 0
      vertex 4.024548389017582 199.9039264023304 0
      vertex 4.509914301335812 0.024076364934444427 0
    endloop
  endfacet
  facet normal 0 0 -1
    outer loop
      vertex 4.509914301335812 0.024076364934444427 0
      vertex 4.509914301335812 199.97592363506556 0
      vertex 5 0 0
    endloop
  endfacet
  facet normal 0 -1 0
    outer loop
      vertex 5 0 0
      vertex 100.91189715802264 0 9.028891639966819
      vertex 100.32945806790323 0 9.115288317580617
    endloop
  endfacet
  facet normal 0 -1 0
    outer loop
      vertex 5 0 0
      vertex 101.5 0 9
      vertex 100.91189715802264 0 9.028891639966819
    endloop
  endfacet
  facet normal 0 -1 0
    outer loop
      vertex 5 0 0
      vertex 100.32945806790323 0 9.115288317580617
      vertex 99.75829193647323 0 9.258357985606747
    endloop
  endfacet
  facet normal 0 -1 0
    outer loop
      vertex 5 0 0
      vertex 99.75829193647323 0 9.258357985606747
      vertex 99.20389940580947 0 9.45672280493228
    endloop
  endfacet
  facet normal 0 -1 0
    outer loop
      vertex 5 0 0
      vertex 127.5 0 9
      vertex 101.5 0 9
    endloop
  endfacet
  facet normal 0 -1 0
    outer loop
      vertex 5 0 0
      vertex 128.08810284197736 0 9.028891639966819
      vertex 127.5 0 9
    endloop
  endfacet
  facet normal 0 -1 0
    outer loop
      vertex 5 0 0
      vertex 99.20389940580947 0 9.45672280493228
      vertex 98.67161957904402 0 9.70847241390987
    endloop
  endfacet
  facet normal 0 -1 0
    outer loop
      vertex 5 0 0
      vertex 98.67161957904402 0 9.70847241390987
      vertex 98.16657860188238 0 10.011182326184729
    endloop
  endfacet
  facet normal 0 -1 0
    outer loop
      vertex 5 0 0
      vertex 98.16657860188238 0 10.011182326184729
      vertex 97.69364029501813 0 10.361937279823579
    endloop
  endfacet
  facet normal 0 -1 0
    outer loop
      vertex 5 0 0
      vertex 97.69364029501813 0 10.361937279823579
      vertex 97.25735931288071 0 10.757359312880714
    endloop
  endfacet
  facet normal 0 -1 0
    outer loop
      vertex 5 0 0
      vertex 97.25735931288071 0 10.757359312880714
      vertex 96.86193727982358 0 11.193640295018128
    endloop
  endfacet
  facet normal 0 -1 0
    outer loop
      vertex 5 0 0
      vertex 96.86193727982358 0 11.193640295018128
      vertex 96.51118232618472 0 11.666578601882387
    endloop
  endfacet
  facet normal 0 -1 0
    outer loop
      vertex 5 0 0
      vertex 96.51118232618472 0 11.666578601882387
      vertex 96.20847241390987 0 12.171619579044014
    endloop
  endfacet
  facet normal 0 -1 0
    outer loop
      vertex 5 0 0
      vertex 96.20847241390987 0 12.171619579044014
      vertex 95.95672280493228 0 12.703899405809462
    endloop
  endfacet
  facet normal 0 -1 0
    outer loop
      vertex 5 0 0
      vertex 95.95672280493228 0 12.703899405809462
      vertex 95.75835798560675 0 13.258291936473226
    endloop
  endfacet
  facet normal 0 -1 0
    outer loop
      vertex 5 0 0
      vertex 95.75835798560675 0 13.258291936473226
      vertex 95.61528831758062 0 13.82945806790323
    endloop
  endfacet
  facet normal 0 -1 0
    outer loop
      vertex 5 0 0
      vertex 95.61528831758062 0 13.82945806790323
      vertex 95.52889163996682 0 14.411897158022636
    endloop
  endfacet
  facet normal 0 -1 0
    outer loop
      vertex 5 0 0
      vertex 95.52889163996682 0 14.411897158022636
      vertex 95.5 0 15
    endloop
  endfacet
  facet normal 0 0 -1
    outer loop
      vertex 5 0 0
      vertex 5 200 0
      vertex 224 0 0
    endloop
  endfacet
  facet normal -0.6715589557743872 -0.7409511245144411 0
    outer loop
      vertex 1.8280335813760757 1.13494773209095 0
      vertex 1.8280335813760757 1.13494773209095 25
      vertex 1.4644660949707031 1.4644660949707031 25
    endloop
  endfacet
  facet normal -0.857728606695699 -0.5141027497065687 0
    outer loop
      vertex 0.842651940882206 2.222148835659027 0
      vertex 0.842651940882206 2.222148835659027 25
      vertex 0.590393677353859 2.643016315996647 25
    endloop
  endfacet
  facet normal -0.9039892942597552 -0.42755509102775247 0
    outer loop
      vertex 0.590393677353859 2.643016315996647 0
      vertex 0.590393677353859 2.643016315996647 25
      vertex 0.3806023374199867 3.086582839488983 25
    endloop
  endfacet
  facet normal -0.8032075338446834 -0.5956993013048966 0
    outer loop
      vertex 1.13494773209095 1.8280335813760757 0
      vertex 1.13494773209095 1.8280335813760757 25
      vertex 0.842651940882206 2.222148835659027 25
    endloop
  endfacet
  facet normal -0.7409511245144411 -0.6715589557743872 0
    outer loop
      vertex 1.4644660949707031 1.4644660949707031 0
      vertex 1.4644660949707031 1.4644660949707031 25
      vertex 1.13494773209095 1.8280335813760757 25
    endloop
  endfacet
  facet normal -0.5141027497065687 -0.857728606695699 0
    outer loop
      vertex 2.643016315996647 0.590393677353859 0
      vertex 2.643016315996647 0.590393677353859 25
      vertex 2.222148835659027 0.842651940882206 25
    endloop
  endfacet
  facet normal -0.5956993013048966 -0.8032075338446834 0
    outer loop
      vertex 2.222148835659027 0.842651940882206 0
      vertex 2.222148835659027 0.842651940882206 25
      vertex 1.8280335813760757 1.13494773209095 25
    endloop
  endfacet
  facet normal -0.42755509102775247 -0.9039892942597552 0
    outer loop
      vertex 3.086582839488983 0.3806023374199867 0
      vertex 3.086582839488983 0.3806023374199867 25
      vertex 2.643016315996647 0.590393677353859 25
    endloop
  endfacet
  facet normal -0.33688984659619614 -0.941544067614677 0
    outer loop
      vertex 3.5485766157507896 0.21529832482337952 0
      vertex 3.5485766157507896 0.21529832482337952 25
      vertex 3.086582839488983 0.3806023374199867 25
    endloop
  endfacet
  facet normal -0.941544067614677 -0.33688984659619614 0
    outer loop
      vertex 0.3806023374199867 3.086582839488983 0
      vertex 0.3806023374199867 3.086582839488983 25
      vertex 0.21529832482337952 3.5485766157507896 25
    endloop
  endfacet
  facet normal -0.9700312510179107 -0.242980188592871 0
    outer loop
      vertex 0.21529832482337952 3.5485766157507896 0
      vertex 0.21529832482337952 3.5485766157507896 25
      vertex 0.09607359766960144 4.024548389017582 25
    endloop
  endfacet
  facet normal -0.9891765097240051 -0.14673047607854156 0
    outer loop
      vertex 0.09607359766960144 4.024548389017582 0
      vertex 0.09607359766960144 4.024548389017582 25
      vertex 0.024076364934444427 4.509914301335812 25
    endloop
  endfacet
  facet normal -0.9987954563607843 -0.049067671159865246 0
    outer loop
      vertex 0.024076364934444427 4.509914301335812 0
      vertex 0.024076364934444427 4.509914301335812 25
      vertex 0 5 25
    endloop
  endfacet
  facet normal -0.242980188592871 -0.9700312510179107 0
    outer loop
      vertex 4.024548389017582 0.09607359766960144 0
      vertex 4.024548389017582 0.09607359766960144 25
      vertex 3.5485766157507896 0.21529832482337952 25
    endloop
  endfacet
  facet normal -0.14673047607854156 -0.9891765097240051 0
    outer loop
      vertex 4.509914301335812 0.024076364934444427 0
      vertex 4.509914301335812 0.024076364934444427 25
      vertex 4.024548389017582 0.09607359766960144 25
    endloop
  endfacet
  facet normal -0.049067671159865246 -0.9987954563607843 0
    outer loop
      vertex 5 0 0
      vertex 5 0 25
      vertex 4.509914301335812 0.024076364934444427 25
    endloop
  endfacet
  facet normal 0 -1 0
    outer loop
      vertex 5 0 0
      vertex 95.5 0 15
      vertex 5 0 25
    endloop
  endfacet
  facet normal 0 0 1
    outer loop
      vertex 3.086582839488983 0.3806023374199867 25
      vertex 3.5485766157507896 0.21529832482337952 25
      vertex 3.4539790898561478 3.731213428080082 25
    endloop
  endfacet
  facet normal 0 0 1
    outer loop
      vertex 2.643016315996647 0.590393677353859 25
      vertex 3.086582839488983 0.3806023374199867 25
      vertex 3.0384294390678406 4.6098193526268005 25
    endloop
  endfacet
  facet normal 0 0 1
    outer loop
      vertex 3.086582839488983 0.3806023374199867 25
      vertex 3.1522409319877625 4.234633132815361 25
      vertex 3.086119331419468 4.419430643320084 25
    endloop
  endfacet
  facet normal 0 0 1
    outer loop
      vertex 3.086582839488983 0.3806023374199867 25
      vertex 3.4539790898561478 3.731213428080082 25
      vertex 3.337060771882534 3.8888595327734947 25
    endloop
  endfacet
  facet normal 0 0 1
    outer loop
      vertex 3.5485766157507896 0.21529832482337952 25
      vertex 3.5857864394783974 3.5857864394783974 25
      vertex 3.4539790898561478 3.731213428080082 25
    endloop
  endfacet
  facet normal 0 0 1
    outer loop
      vertex 3.086582839488983 0.3806023374199867 25
      vertex 3.2361574694514275 4.057206526398659 25
      vertex 3.1522409319877625 4.234633132815361 25
    endloop
  endfacet
  facet normal 0 0 1
    outer loop
      vertex 3.086582839488983 0.3806023374199867 25
      vertex 3.337060771882534 3.8888595327734947 25
      vertex 3.2361574694514275 4.057206526398659 25
    endloop
  endfacet
  facet normal 0 0 1
    outer loop
      vertex 2.643016315996647 0.590393677353859 25
      vertex 3.0096305459737778 4.803965717554092 25
      vertex 3 5 25
    endloop
  endfacet
  facet normal 0 0 1
    outer loop
      vertex 2.643016315996647 0.590393677353859 25
      vertex 3.0384294390678406 4.6098193526268005 25
      vertex 3.0096305459737778 4.803965717554092 25
    endloop
  endfacet
  facet normal 0 0 1
    outer loop
      vertex 3.086582839488983 0.3806023374199867 25
      vertex 3.086119331419468 4.419430643320084 25
      vertex 3.0384294390678406 4.6098193526268005 25
    endloop
  endfacet
  facet normal 0 0 1
    outer loop
      vertex 3.5485766157507896 0.21529832482337952 25
      vertex 4.024548389017582 0.09607359766960144 25
      vertex 3.8888595327734947 3.337060771882534 25
    endloop
  endfacet
  facet normal 0 0 1
    outer loop
      vertex 4.024548389017582 0.09607359766960144 25
      vertex 4.509914301335812 0.024076364934444427 25
      vertex 4.419430643320084 3.086119331419468 25
    endloop
  endfacet
  facet normal 0 0 1
    outer loop
      vertex 4.509914301335812 0.024076364934444427 25
      vertex 5 0 25
      vertex 4.803965717554092 3.0096305459737778 25
    endloop
  endfacet
  facet normal 0 0 1
    outer loop
      vertex 3.5485766157507896 0.21529832482337952 25
      vertex 3.8888595327734947 3.337060771882534 25
      vertex 3.731213428080082 3.4539790898561478 25
    endloop
  endfacet
  facet normal 0 0 1
    outer loop
      vertex 4.024548389017582 0.09607359766960144 25
      vertex 4.057206526398659 3.2361574694514275 25
      vertex 3.8888595327734947 3.337060771882534 25
    endloop
  endfacet
  facet normal 0 0 1
    outer loop
      vertex 4.024548389017582 0.09607359766960144 25
      vertex 4.419430643320084 3.086119331419468 25
      vertex 4.234633132815361 3.1522409319877625 25
    endloop
  endfacet
  facet normal 0 0 1
    outer loop
      vertex 4.024548389017582 0.09607359766960144 25
      vertex 4.234633132815361 3.1522409319877625 25
      vertex 4.057206526398659 3.2361574694514275 25
    endloop
  endfacet
  facet normal 0 0 1
    outer loop
      vertex 3.5485766157507896 0.21529832482337952 25
      vertex 3.731213428080082 3.4539790898561478 25
      vertex 3.5857864394783974 3.5857864394783974 25
    endloop
  endfacet
  facet normal 0 0 1
    outer loop
      vertex 4.509914301335812 0.024076364934444427 25
      vertex 4.6098193526268005 3.0384294390678406 25
      vertex 4.419430643320084 3.086119331419468 25
    endloop
  endfacet
  facet normal 0 0 1
    outer loop
      vertex 4.509914301335812 0.024076364934444427 25
      vertex 4.803965717554092 3.0096305459737778 25
      vertex 4.6098193526268005 3.0384294390678406 25
    endloop
  endfacet
  facet normal 0 0 1
    outer loop
      vertex 5 0 25
      vertex 5 3 25
      vertex 4.803965717554092 3.0096305459737778 25
    endloop
  endfacet
  facet normal -1 0 0
    outer loop
      vertex 0 5 0
      vertex 0 5 25
      vertex 0 195 25
    endloop
  endfacet
  facet normal 0 0 1
    outer loop
      vertex 1.4644660949707031 1.4644660949707031 25
      vertex 1.13494773209095 198.17196641862392 25
      vertex 1.13494773209095 1.8280335813760757 25
    endloop
  endfacet
  facet normal 0 0 1
    outer loop
      vertex 1.4644660949707031 1.4644660949707031 25
      vertex 1.8280335813760757 1.13494773209095 25
      vertex 1.4644660949707031 198.5355339050293 25
    endloop
  endfacet
  facet normal 0 0 1
    outer loop
      vertex 0.21529832482337952 3.5485766157507896 25
      vertex 0.09607359766960144 195.97545161098242 25
      vertex 0.09607359766960144 4.024548389017582 25
    endloop
  endfacet
  facet normal 0 0 1
    outer loop
      vertex 0.3806023374199867 3.086582839488983 25
      vertex 0.21529832482337952 196.4514233842492 25
      vertex 0.21529832482337952 3.5485766157507896 25
    endloop
  endfacet
  facet normal 0 0 1
    outer loop
      vertex 0.3806023374199867 3.086582839488983 25
      vertex 0.590393677353859 2.643016315996647 25
      vertex 0.3806023374199867 196.91341716051102 25
    endloop
  endfacet
  facet normal 0 0 1
    outer loop
      vertex 0.842651940882206 2.222148835659027 25
      vertex 0.590393677353859 197.35698368400335 25
      vertex 0.590393677353859 2.643016315996647 25
    endloop
  endfacet
  facet normal 0 0 1
    outer loop
      vertex 0.09607359766960144 4.024548389017582 25
      vertex 0.024076364934444427 195.4900856986642 25
      vertex 0.024076364934444427 4.509914301335812 25
    endloop
  endfacet
  facet normal 0 0 1
    outer loop
      vertex 0.024076364934444427 4.509914301335812 25
      vertex 0 195 25
      vertex 0 5 25
    endloop
  endfacet
  facet normal 0 0 1
    outer loop
      vertex 0.842651940882206 2.222148835659027 25
      vertex 1.13494773209095 1.8280335813760757 25
      vertex 0.842651940882206 197.77785116434097 25
    endloop
  endfacet
  facet normal 0 0 1
    outer loop
      vertex 1.8280335813760757 1.13494773209095 25
      vertex 2.222148835659027 0.842651940882206 25
      vertex 1.8280335813760757 198.86505226790905 25
    endloop
  endfacet
  facet normal 0 0 1
    outer loop
      vertex 2.643016315996647 0.590393677353859 25
      vertex 2.222148835659027 199.1573480591178 25
      vertex 2.222148835659027 0.842651940882206 25
    endloop
  endfacet
  facet normal 0 0 1
    outer loop
      vertex 2.643016315996647 0.590393677353859 25
      vertex 3 5 25
      vertex 3 195 25
    endloop
  endfacet
  facet normal 0 -1 0
    outer loop
      vertex 5 0 25
      vertex 95.5 0 15
      vertex 95.52889163996682 0 15.588102841977364
    endloop
  endfacet
  facet normal 0 -1 0
    outer loop
      vertex 5 0 25
      vertex 95.52889163996682 0 15.588102841977364
      vertex 95.61528831758062 0 16.170541932096768
    endloop
  endfacet
  facet normal 0 -1 0
    outer loop
      vertex 5 0 25
      vertex 95.61528831758062 0 16.170541932096768
      vertex 95.75835798560675 0 16.741708063526772
    endloop
  endfacet
  facet normal 0 -1 0
    outer loop
      vertex 5 0 25
      vertex 95.75835798560675 0 16.741708063526772
      vertex 95.95672280493228 0 17.296100594190538
    endloop
  endfacet
  facet normal 0 -1 0
    outer loop
      vertex 5 0 25
      vertex 95.95672280493228 0 17.296100594190538
      vertex 96.20847241390987 0 17.828380420955988
    endloop
  endfacet
  facet normal 0 -1 0
    outer loop
      vertex 5 0 25
      vertex 96.20847241390987 0 17.828380420955988
      vertex 96.51118232618472 0 18.333421398117615
    endloop
  endfacet
  facet normal 0 -1 0
    outer loop
      vertex 5 0 25
      vertex 96.51118232618472 0 18.333421398117615
      vertex 96.86193727982358 0 18.806359704981872
    endloop
  endfacet
  facet normal 0 -1 0
    outer loop
      vertex 5 0 25
      vertex 96.86193727982358 0 18.806359704981872
      vertex 97.25735931288071 0 19.242640687119284
    endloop
  endfacet
  facet normal 0 -1 0
    outer loop
      vertex 5 0 25
      vertex 97.25735931288071 0 19.242640687119284
      vertex 97.69364029501813 0 19.63806272017642
    endloop
  endfacet
  facet normal 0 -1 0
    outer loop
      vertex 5 0 25
      vertex 97.69364029501813 0 19.63806272017642
      vertex 98.16657860188238 0 19.98881767381527
    endloop
  endfacet
  facet normal 0 -1 0
    outer loop
      vertex 5 0 25
      vertex 98.16657860188238 0 19.98881767381527
      vertex 98.67161957904402 0 20.29152758609013
    endloop
  endfacet
  facet normal 0 -1 0
    outer loop
      vertex 5 0 25
      vertex 98.67161957904402 0 20.29152758609013
      vertex 99.20389940580947 0 20.54327719506772
    endloop
  endfacet
  facet normal 0 -1 0
    outer loop
      vertex 5 0 25
      vertex 99.20389940580947 0 20.54327719506772
      vertex 99.75829193647323 0 20.741642014393253
    endloop
  endfacet
  facet normal 0 -1 0
    outer loop
      vertex 5 0 25
      vertex 99.75829193647323 0 20.741642014393253
      vertex 100.32945806790323 0 20.884711682419383
    endloop
  endfacet
  facet normal 0 -1 0
    outer loop
      vertex 5 0 25
      vertex 100.32945806790323 0 20.884711682419383
      vertex 100.91189715802264 0 20.97110836003318
    endloop
  endfacet
  facet normal 0 -1 0
    outer loop
      vertex 5 0 25
      vertex 100.91189715802264 0 20.97110836003318
      vertex 101.5 0 21
    endloop
  endfacet
  facet normal 0 0 1
    outer loop
      vertex 5 0 25
      vertex 224 0 25
      vertex 5 3 25
    endloop
  endfacet
  facet normal 0 0 1
    outer loop
      vertex 5 3 25
      vertex 224 0 25
      vertex 75.33333333333333 3 25
    endloop
  endfacet
  facet normal 0 -1 0
    outer loop
      vertex 5 0 25
      vertex 101.5 0 21
      vertex 224 0 25
    endloop
  endfacet
  facet normal 0 0 -1
    outer loop
      vertex 0.024076364934444427 4.509914301335812 0
      vertex 0 195 0
      vertex 0.024076364934444427 195.4900856986642 0
    endloop
  endfacet
  facet normal 0 0 -1
    outer loop
      vertex 0.09607359766960144 4.024548389017582 0
      vertex 0.024076364934444427 195.4900856986642 0
      vertex 0.09607359766960144 195.97545161098242 0
    endloop
  endfacet
  facet normal 0 0 -1
    outer loop
      vertex 0.21529832482337952 3.5485766157507896 0
      vertex 0.09607359766960144 195.97545161098242 0
      vertex 0.21529832482337952 196.4514233842492 0
    endloop
  endfacet
  facet normal 0 0 -1
    outer loop
      vertex 0.3806023374199867 3.086582839488983 0
      vertex 0.21529832482337952 196.4514233842492 0
      vertex 0.3806023374199867 196.91341716051102 0
    endloop
  endfacet
  facet normal 0 0 -1
    outer loop
      vertex 0.590393677353859 2.643016315996647 0
      vertex 0.3806023374199867 196.91341716051102 0
      vertex 0.590393677353859 197.35698368400335 0
    endloop
  endfacet
  facet normal 0 0 -1
    outer loop
      vertex 0.842651940882206 2.222148835659027 0
      vertex 0.590393677353859 197.35698368400335 0
      vertex 0.842651940882206 197.77785116434097 0
    endloop
  endfacet
  facet normal 0 0 -1
    outer loop
      vertex 1.13494773209095 1.8280335813760757 0
      vertex 0.842651940882206 197.77785116434097 0
      vertex 1.13494773209095 198.17196641862392 0
    endloop
  endfacet
  facet normal 0 0 -1
    outer loop
      vertex 1.4644660949707031 1.4644660949707031 0
      vertex 1.13494773209095 198.17196641862392 0
      vertex 1.4644660949707031 198.5355339050293 0
    endloop
  endfacet
  facet normal 0 0 -1
    outer loop
      vertex 1.8280335813760757 1.13494773209095 0
      vertex 1.4644660949707031 198.5355339050293 0
      vertex 1.8280335813760757 198.86505226790905 0
    endloop
  endfacet
  facet normal 0 0 -1
    outer loop
      vertex 2.222148835659027 0.842651940882206 0
      vertex 1.8280335813760757 198.86505226790905 0
      vertex 2.222148835659027 199.1573480591178 0
    endloop
  endfacet
  facet normal 0 0 -1
    outer loop
      vertex 2.643016315996647 0.590393677353859 0
      vertex 2.222148835659027 199.1573480591178 0
      vertex 2.643016315996647 199.40960632264614 0
    endloop
  endfacet
  facet normal 0 0 -1
    outer loop
      vertex 3.086582839488983 0.3806023374199867 0
      vertex 2.643016315996647 199.40960632264614 0
      vertex 3.086582839488983 199.61939766258 0
    endloop
  endfacet
  facet normal 0 0 -1
    outer loop
      vertex 3.5485766157507896 0.21529832482337952 0
      vertex 3.086582839488983 199.61939766258 0
      vertex 3.5485766157507896 199.78470167517662 0
    endloop
  endfacet
  facet normal 0 0 -1
    outer loop
      vertex 4.024548389017582 0.09607359766960144 0
      vertex 3.5485766157507896 199.78470167517662 0
      vertex 4.024548389017582 199.9039264023304 0
    endloop
  endfacet
  facet normal 0 0 -1
    outer loop
      vertex 4.509914301335812 0.024076364934444427 0
      vertex 4.024548389017582 199.9039264023304 0
      vertex 4.509914301335812 199.97592363506556 0
    endloop
  endfacet
  facet normal 0 0 -1
    outer loop
      vertex 5 0 0
      vertex 4.509914301335812 199.97592363506556 0
      vertex 5 200 0
    endloop
  endfacet
  facet normal -1 0 0
    outer loop
      vertex 0 5 0
      vertex 0 195 25
      vertex 0 195 0
    endloop
  endfacet
  facet normal -0.9987954563607843 0.049067671159865246 0
    outer loop
      vertex 0 195 0
      vertex 0.024076364934444427 195.4900856986642 25
      vertex 0.024076364934444427 195.4900856986642 0
    endloop
  endfacet
  facet normal -0.9891765097240051 0.14673047607854156 0
    outer loop
      vertex 0.024076364934444427 195.4900856986642 0
      vertex 0.09607359766960144 195.97545161098242 25
      vertex 0.09607359766960144 195.97545161098242 0
    endloop
  endfacet
  facet normal -0.9700312510179107 0.242980188592871 0
    outer loop
      vertex 0.09607359766960144 195.97545161098242 0
      vertex 0.21529832482337952 196.4514233842492 25
      vertex 0.21529832482337952 196.4514233842492 0
    endloop
  endfacet
  facet normal -0.941544067614677 0.33688984659619614 0
    outer loop
      vertex 0.21529832482337952 196.4514233842492 0
      vertex 0.3806023374199867 196.91341716051102 25
      vertex 0.3806023374199867 196.91341716051102 0
    endloop
  endfacet
  facet normal -0.9039892942597552 0.42755509102775247 0
    outer loop
      vertex 0.3806023374199867 196.91341716051102 0
      vertex 0.590393677353859 197.35698368400335 25
      vertex 0.590393677353859 197.35698368400335 0
    endloop
  endfacet
  facet normal -0.857728606695699 0.5141027497065687 0
    outer loop
      vertex 0.590393677353859 197.35698368400335 0
      vertex 0.842651940882206 197.77785116434097 25
      vertex 0.842651940882206 197.77785116434097 0
    endloop
  endfacet
  facet normal -0.8032075338446834 0.5956993013048966 0
    outer loop
      vertex 0.842651940882206 197.77785116434097 0
      vertex 1.13494773209095 198.17196641862392 25
      vertex 1.13494773209095 198.17196641862392 0
    endloop
  endfacet
  facet normal -0.7409511245144411 0.6715589557743872 0
    outer loop
      vertex 1.13494773209095 198.17196641862392 0
      vertex 1.4644660949707031 198.5355339050293 25
      vertex 1.4644660949707031 198.5355339050293 0
    endloop
  endfacet
  facet normal -0.6715589557743872 0.7409511245144411 0
    outer loop
      vertex 1.4644660949707031 198.5355339050293 0
      vertex 1.8280335813760757 198.86505226790905 25
      vertex 1.8280335813760757 198.86505226790905 0
    endloop
  endfacet
  facet normal -0.5956993013048966 0.8032075338446834 0
    outer loop
      vertex 1.8280335813760757 198.86505226790905 0
      vertex 2.222148835659027 199.1573480591178 25
      vertex 2.222148835659027 199.1573480591178 0
    endloop
  endfacet
  facet normal -0.5141027497065687 0.857728606695699 0
    outer loop
      vertex 2.222148835659027 199.1573480591178 0
      vertex 2.643016315996647 199.40960632264614 25
      vertex 2.643016315996647 199.40960632264614 0
    endloop
  endfacet
  facet normal -0.42755509102775247 0.9039892942597552 0
    outer loop
      vertex 2.643016315996647 199.40960632264614 0
      vertex 3.086582839488983 199.61939766258 25
      vertex 3.086582839488983 199.61939766258 0
    endloop
  endfacet
  facet normal -0.33688984659619614 0.941544067614677 0
    outer loop
      vertex 3.086582839488983 199.61939766258 0
      vertex 3.5485766157507896 199.78470167517662 25
      vertex 3.5485766157507896 199.78470167517662 0
    endloop
  endfacet
  facet normal -0.242980188592871 0.9700312510179107 0
    outer loop
      vertex 3.5485766157507896 199.78470167517662 0
      vertex 4.024548389017582 199.9039264023304 25
      vertex 4.024548389017582 199.9039264023304 0
    endloop
  endfacet
  facet normal -0.14673047607854156 0.9891765097240051 0
    outer loop
      vertex 4.024548389017582 199.9039264023304 0
      vertex 4.509914301335812 199.97592363506556 25
      vertex 4.509914301335812 199.97592363506556 0
    endloop
  endfacet
  facet normal -0.049067671159865246 0.9987954563607843 0
    outer loop
      vertex 4.509914301335812 199.97592363506556 0
      vertex 5 200 25
      vertex 5 200 0
    endloop
  endfacet
  facet normal 0 0 1
    outer loop
      vertex 0.024076364934444427 4.509914301335812 25
      vertex 0.024076364934444427 195.4900856986642 25
      vertex 0 195 25
    endloop
  endfacet
  facet normal 0 0 1
    outer loop
      vertex 0.09607359766960144 4.024548389017582 25
      vertex 0.09607359766960144 195.97545161098242 25
      vertex 0.024076364934444427 195.4900856986642 25
    endloop
  endfacet
  facet normal 0 0 1
    outer loop
      vertex 0.21529832482337952 3.5485766157507896 25
      vertex 0.21529832482337952 196.4514233842492 25
      vertex 0.09607359766960144 195.97545161098242 25
    endloop
  endfacet
  facet normal 0 0 1
    outer loop
      vertex 0.3806023374199867 3.086582839488983 25
      vertex 0.3806023374199867 196.91341716051102 25
      vertex 0.21529832482337952 196.4514233842492 25
    endloop
  endfacet
  facet normal 0 0 1
    outer loop
      vertex 0.590393677353859 2.643016315996647 25
      vertex 0.590393677353859 197.35698368400335 25
      vertex 0.3806023374199867 196.91341716051102 25
    endloop
  endfacet
  facet normal 0 0 1
    outer loop
      vertex 0.842651940882206 2.222148835659027 25
      vertex 0.842651940882206 197.77785116434097 25
      vertex 0.590393677353859 197.35698368400335 25
    endloop
  endfacet
  facet normal 0 0 1
    outer loop
      vertex 1.13494773209095 1.8280335813760757 25
      vertex 1.13494773209095 198.17196641862392 25
      vertex 0.842651940882206 197.77785116434097 25
    endloop
  endfacet
  facet normal 0 0 1
    outer loop
      vertex 1.4644660949707031 1.4644660949707031 25
      vertex 1.4644660949707031 198.5355339050293 25
      vertex 1.13494773209095 198.17196641862392 25
    endloop
  endfacet
  facet normal 0 0 1
    outer loop
      vertex 1.8280335813760757 1.13494773209095 25
      vertex 1.8280335813760757 198.86505226790905 25
      vertex 1.4644660949707031 198.5355339050293 25
    endloop
  endfacet
  facet normal 0 0 1
    outer loop
      vertex 2.643016315996647 0.590393677353859 25
      vertex 3 195 25
      vertex 2.643016315996647 199.40960632264614 25
    endloop
  endfacet
  facet normal 0 0 1
    outer loop
      vertex 2.222148835659027 0.842651940882206 25
      vertex 2.222148835659027 199.1573480591178 25
      vertex 1.8280335813760757 198.86505226790905 25
    endloop
  endfacet
  facet normal 0 0 1
    outer loop
      vertex 2.643016315996647 0.590393677353859 25
      vertex 2.643016315996647 199.40960632264614 25
      vertex 2.222148835659027 199.1573480591178 25
    endloop
  endfacet
  facet normal -0.9987954563607843 0.049067671159865246 0
    outer loop
      vertex 0 195 0
      vertex 0 195 25
      vertex 0.024076364934444427 195.4900856986642 25
    endloop
  endfacet
  facet normal -0.9891765097240051 0.14673047607854156 0
    outer loop
      vertex 0.024076364934444427 195.4900856986642 0
      vertex 0.024076364934444427 195.4900856986642 25
      vertex 0.09607359766960144 195.97545161098242 25
    endloop
  endfacet
  facet normal -0.9700312510179107 0.242980188592871 0
    outer loop
      vertex 0.09607359766960144 195.97545161098242 0
      vertex 0.09607359766960144 195.97545161098242 25
      vertex 0.21529832482337952 196.4514233842492 25
    endloop
  endfacet
  facet normal -0.941544067614677 0.33688984659619614 0
    outer loop
      vertex 0.21529832482337952 196.4514233842492 0
      vertex 0.21529832482337952 196.4514233842492 25
      vertex 0.3806023374199867 196.91341716051102 25
    endloop
  endfacet
  facet normal -0.9039892942597552 0.42755509102775247 0
    outer loop
      vertex 0.3806023374199867 196.91341716051102 0
      vertex 0.3806023374199867 196.91341716051102 25
      vertex 0.590393677353859 197.35698368400335 25
    endloop
  endfacet
  facet normal -0.857728606695699 0.5141027497065687 0
    outer loop
      vertex 0.590393677353859 197.35698368400335 0
      vertex 0.590393677353859 197.35698368400335 25
      vertex 0.842651940882206 197.77785116434097 25
    endloop
  endfacet
  facet normal -0.8032075338446834 0.5956993013048966 0
    outer loop
      vertex 0.842651940882206 197.77785116434097 0
      vertex 0.842651940882206 197.77785116434097 25
      vertex 1.13494773209095 198.17196641862392 25
    endloop
  endfacet
  facet normal -0.7409511245144411 0.6715589557743872 0
    outer loop
      vertex 1.13494773209095 198.17196641862392 0
      vertex 1.13494773209095 198.17196641862392 25
      vertex 1.4644660949707031 198.5355339050293 25
    endloop
  endfacet
  facet normal -0.6715589557743872 0.7409511245144411 0
    outer loop
      vertex 1.4644660949707031 198.5355339050293 0
      vertex 1.4644660949707031 198.5355339050293 25
      vertex 1.8280335813760757 198.86505226790905 25
    endloop
  endfacet
  facet normal -0.5956993013048966 0.8032075338446834 0
    outer loop
      vertex 1.8280335813760757 198.86505226790905 0
      vertex 1.8280335813760757 198.86505226790905 25
      vertex 2.222148835659027 199.1573480591178 25
    endloop
  endfacet
  facet normal -0.5141027497065687 0.857728606695699 0
    outer loop
      vertex 2.222148835659027 199.1573480591178 0
      vertex 2.222148835659027 199.1573480591178 25
      vertex 2.643016315996647 199.40960632264614 25
    endloop
  endfacet
  facet normal -0.42755509102775247 0.9039892942597552 0
    outer loop
      vertex 2.643016315996647 199.40960632264614 0
      vertex 2.643016315996647 199.40960632264614 25
      vertex 3.086582839488983 199.61939766258 25
    endloop
  endfacet
  facet normal -0.33688984659619614 0.941544067614677 0
    outer loop
      vertex 3.086582839488983 199.61939766258 0
      vertex 3.086582839488983 199.61939766258 25
      vertex 3.5485766157507896 199.78470167517662 25
    endloop
  endfacet
  facet normal -0.242980188592871 0.9700312510179107 0
    outer loop
      vertex 3.5485766157507896 199.78470167517662 0
      vertex 3.5485766157507896 199.78470167517662 25
      vertex 4.024548389017582 199.9039264023304 25
    endloop
  endfacet
  facet normal -0.14673047607854156 0.9891765097240051 0
    outer loop
      vertex 4.024548389017582 199.9039264023304 0
      vertex 4.024548389017582 199.9039264023304 25
      vertex 4.509914301335812 199.97592363506556 25
    endloop
  endfacet
  facet normal -0.049067671159865246 0.9987954563607843 0
    outer loop
      vertex 4.509914301335812 199.97592363506556 0
      vertex 4.509914301335812 199.97592363506556 25
      vertex 5 200 25
    endloop
  endfacet
  facet normal 0 0 1
    outer loop
      vertex 3 195 25
      vertex 3.0096305459737778 195.1960342824459 25
      vertex 2.643016315996647 199.40960632264614 25
    endloop
  endfacet
  facet normal 0 0 1
    outer loop
      vertex 3.0096305459737778 195.1960342824459 25
      vertex 3.0384294390678406 195.3901806473732 25
      vertex 2.643016315996647 199.40960632264614 25
    endloop
  endfacet
  facet normal 0 0 1
    outer loop
      vertex 3.0384294390678406 195.3901806473732 25
      vertex 3.086119331419468 195.58056935667992 25
      vertex 2.643016315996647 199.40960632264614 25
    endloop
  endfacet
  facet normal 0 0 1
    outer loop
      vertex 3.086119331419468 195.58056935667992 25
      vertex 3.1522409319877625 195.76536686718464 25
      vertex 2.643016315996647 199.40960632264614 25
    endloop
  endfacet
  facet normal 0 0 1
    outer loop
      vertex 3.1522409319877625 195.76536686718464 25
      vertex 3.2361574694514275 195.94279347360134 25
      vertex 3.086582839488983 199.61939766258 25
    endloop
  endfacet
  facet normal 0 0 1
    outer loop
      vertex 3.2361574694514275 195.94279347360134 25
      vertex 3.337060771882534 196.1111404672265 25
      vertex 3.086582839488983 199.61939766258 25
    endloop
  endfacet
  facet normal 0 0 1
    outer loop
      vertex 3.337060771882534 196.1111404672265 25
      vertex 3.4539790898561478 196.26878657191992 25
      vertex 3.086582839488983 199.61939766258 25
    endloop
  endfacet
  facet normal 0 0 1
    outer loop
      vertex 3.4539790898561478 196.26878657191992 25
      vertex 3.5857864394783974 196.4142135605216 25
      vertex 3.086582839488983 199.61939766258 25
    endloop
  endfacet
  facet normal 0 0 1
    outer loop
      vertex 3.1522409319877625 195.76536686718464 25
      vertex 3.086582839488983 199.61939766258 25
      vertex 2.643016315996647 199.40960632264614 25
    endloop
  endfacet
  facet normal 0 0 1
    outer loop
      vertex 3.086582839488983 199.61939766258 25
      vertex 3.5857864394783974 196.4142135605216 25
      vertex 3.5485766157507896 199.78470167517662 25
    endloop
  endfacet
  facet normal 0 0 1
    outer loop
      vertex 3.5485766157507896 199.78470167517662 25
      vertex 3.5857864394783974 196.4142135605216 25
      vertex 3.731213428080082 196.54602091014385 25
    endloop
  endfacet
  facet normal 0 0 1
    outer loop
      vertex 3.5485766157507896 199.78470167517662 25
      vertex 3.731213428080082 196.54602091014385 25
      vertex 3.8888595327734947 196.66293922811747 25
    endloop
  endfacet
  facet normal 0 0 1
    outer loop
      vertex 3.5485766157507896 199.78470167517662 25
      vertex 3.8888595327734947 196.66293922811747 25
      vertex 4.057206526398659 196.76384253054857 25
    endloop
  endfacet
  facet normal 0 0 1
    outer loop
      vertex 4.057206526398659 196.76384253054857 25
      vertex 4.234633132815361 196.84775906801224 25
      vertex 4.024548389017582 199.9039264023304 25
    endloop
  endfacet
  facet normal 0 0 1
    outer loop
      vertex 4.234633132815361 196.84775906801224 25
      vertex 4.419430643320084 196.91388066858053 25
      vertex 4.024548389017582 199.9039264023304 25
    endloop
  endfacet
  facet normal 0 0 1
    outer loop
      vertex 4.419430643320084 196.91388066858053 25
      vertex 4.6098193526268005 196.96157056093216 25
      vertex 4.024548389017582 199.9039264023304 25
    endloop
  endfacet
  facet normal 0 0 1
    outer loop
      vertex 4.6098193526268005 196.96157056093216 25
      vertex 4.803965717554092 196.99036945402622 25
      vertex 4.509914301335812 199.97592363506556 25
    endloop
  endfacet
  facet normal 0 0 1
    outer loop
      vertex 4.803965717554092 196.99036945402622 25
      vertex 5 197 25
      vertex 4.509914301335812 199.97592363506556 25
    endloop
  endfacet
  facet normal 0 0 1
    outer loop
      vertex 3.5485766157507896 199.78470167517662 25
      vertex 4.057206526398659 196.76384253054857 25
      vertex 4.024548389017582 199.9039264023304 25
    endloop
  endfacet
  facet normal 0 0 1
    outer loop
      vertex 4.6098193526268005 196.96157056093216 25
      vertex 4.509914301335812 199.97592363506556 25
      vertex 4.024548389017582 199.9039264023304 25
    endloop
  endfacet
  facet normal 0 0 1
    outer loop
      vertex 5 197 25
      vertex 5 200 25
      vertex 4.509914301335812 199.97592363506556 25
    endloop
  endfacet
  facet normal 0 0 1
    outer loop
      vertex 5 197 25
      vertex 75.33333333333333 197 25
      vertex 5 200 25
    endloop
  endfacet
  facet normal 0 0 1
    outer loop
      vertex 5 200 25
      vertex 75.33333333333333 197 25
      vertex 78.33333333333333 197 25
    endloop
  endfacet
  facet normal 0 1 0
    outer loop
      vertex 5 200 0
      vertex 5 200 25
      vertex 224 200 25
    endloop
  endfacet
  facet normal 0 0 1
    outer loop
      vertex 5 200 25
      vertex 78.33333333333333 197 25
      vertex 150.66666666666666 197 25
    endloop
  endfacet
  facet normal 0 0 1
    outer loop
      vertex 5 200 25
      vertex 150.66666666666666 197 25
      vertex 153.66666666666666 197 25
    endloop
  endfacet
  facet normal 0 -1 0
    outer loop
      vertex 5 0 0
      vertex 224 0 0
      vertex 128.08810284197736 0 9.028891639966819
    endloop
  endfacet
  facet normal 0 -1 0
    outer loop
      vertex 224 0 0
      vertex 128.67054193209677 0 9.115288317580617
      vertex 128.08810284197736 0 9.028891639966819
    endloop
  endfacet
  facet normal 0 -1 0
    outer loop
      vertex 224 0 0
      vertex 129.24170806352677 0 9.258357985606747
      vertex 128.67054193209677 0 9.115288317580617
    endloop
  endfacet
  facet normal 0 -1 0
    outer loop
      vertex 224 0 0
      vertex 129.79610059419053 0 9.45672280493228
      vertex 129.24170806352677 0 9.258357985606747
    endloop
  endfacet
  facet normal 0 -1 0
    outer loop
      vertex 224 0 0
      vertex 130.328380420956 0 9.70847241390987
      vertex 129.79610059419053 0 9.45672280493228
    endloop
  endfacet
  facet normal 0 -1 0
    outer loop
      vertex 224 0 0
      vertex 130.83342139811762 0 10.011182326184729
      vertex 130.328380420956 0 9.70847241390987
    endloop
  endfacet
  facet normal 0 -1 0
    outer loop
      vertex 224 0 0
      vertex 131.30635970498187 0 10.361937279823579
      vertex 130.83342139811762 0 10.011182326184729
    endloop
  endfacet
  facet normal 0 -1 0
    outer loop
      vertex 224 0 0
      vertex 131.7426406871193 0 10.757359312880714
      vertex 131.30635970498187 0 10.361937279823579
    endloop
  endfacet
  facet normal 0 -1 0
    outer loop
      vertex 224 0 0
      vertex 132.13806272017644 0 11.193640295018128
      vertex 131.7426406871193 0 10.757359312880714
    endloop
  endfacet
  facet normal 0 -1 0
    outer loop
      vertex 224 0 0
      vertex 132.48881767381528 0 11.666578601882387
      vertex 132.13806272017644 0 11.193640295018128
    endloop
  endfacet
  facet normal 0 -1 0
    outer loop
      vertex 224 0 0
      vertex 132.79152758609013 0 12.171619579044014
      vertex 132.48881767381528 0 11.666578601882387
    endloop
  endfacet
  facet normal 0 -1 0
    outer loop
      vertex 224 0 0
      vertex 133.04327719506773 0 12.703899405809462
      vertex 132.79152758609013 0 12.171619579044014
    endloop
  endfacet
  facet normal 0 -1 0
    outer loop
      vertex 224 0 0
      vertex 133.24164201439325 0 13.258291936473226
      vertex 133.04327719506773 0 12.703899405809462
    endloop
  endfacet
  facet normal 0 -1 0
    outer loop
      vertex 224 0 0
      vertex 133.38471168241938 0 13.82945806790323
      vertex 133.24164201439325 0 13.258291936473226
    endloop
  endfacet
  facet normal 0.049067671159865246 -0.9987954563607843 0
    outer loop
      vertex 224 0 0
      vertex 224.4900856986642 0.024076364934444427 0
      vertex 224 0 25
    endloop
  endfacet
  facet normal 0.14673047607854156 -0.9891765097240051 0
    outer loop
      vertex 224.4900856986642 0.024076364934444427 0
      vertex 224.97545161098242 0.09607359766960144 0
      vertex 224.4900856986642 0.024076364934444427 25
    endloop
  endfacet
  facet normal 0.242980188592871 -0.9700312510179107 0
    outer loop
      vertex 224.97545161098242 0.09607359766960144 0
      vertex 225.4514233842492 0.21529832482337952 0
      vertex 224.97545161098242 0.09607359766960144 25
    endloop
  endfacet
  facet normal 0.33688984659619614 -0.941544067614677 0
    outer loop
      vertex 225.4514233842492 0.21529832482337952 0
      vertex 225.91341716051102 0.3806023374199867 0
      vertex 225.4514233842492 0.21529832482337952 25
    endloop
  endfacet
  facet normal 0.42755509102775247 -0.9039892942597552 0
    outer loop
      vertex 225.91341716051102 0.3806023374199867 0
      vertex 226.35698368400335 0.590393677353859 0
      vertex 225.91341716051102 0.3806023374199867 25
    endloop
  endfacet
  facet normal 0.5141027497065687 -0.857728606695699 0
    outer loop
      vertex 226.35698368400335 0.590393677353859 0
      vertex 226.77785116434097 0.842651940882206 0
      vertex 226.35698368400335 0.590393677353859 25
    endloop
  endfacet
  facet normal 0.5956993013048966 -0.8032075338446834 0
    outer loop
      vertex 226.77785116434097 0.842651940882206 0
      vertex 227.17196641862392 1.13494773209095 0
      vertex 226.77785116434097 0.842651940882206 25
    endloop
  endfacet
  facet normal 0.6715589557743872 -0.7409511245144411 0
    outer loop
      vertex 227.17196641862392 1.13494773209095 0
      vertex 227.5355339050293 1.4644660949707031 0
      vertex 227.17196641862392 1.13494773209095 25
    endloop
  endfacet
  facet normal 0.7409511245144411 -0.6715589557743872 0
    outer loop
      vertex 227.5355339050293 1.4644660949707031 0
      vertex 227.86505226790905 1.8280335813760757 0
      vertex 227.5355339050293 1.4644660949707031 25
    endloop
  endfacet
  facet normal 0.8032075338446834 -0.5956993013048966 0
    outer loop
      vertex 227.86505226790905 1.8280335813760757 0
      vertex 228.1573480591178 2.222148835659027 0
      vertex 227.86505226790905 1.8280335813760757 25
    endloop
  endfacet
  facet normal 0.857728606695699 -0.5141027497065687 0
    outer loop
      vertex 228.1573480591178 2.222148835659027 0
      vertex 228.40960632264614 2.643016315996647 0
      vertex 228.1573480591178 2.222148835659027 25
    endloop
  endfacet
  facet normal 0.9039892942597552 -0.42755509102775247 0
    outer loop
      vertex 228.40960632264614 2.643016315996647 0
      vertex 228.61939766258 3.086582839488983 0
      vertex 228.40960632264614 2.643016315996647 25
    endloop
  endfacet
  facet normal 0.941544067614677 -0.33688984659619614 0
    outer loop
      vertex 228.61939766258 3.086582839488983 0
      vertex 228.78470167517662 3.5485766157507896 0
      vertex 228.61939766258 3.086582839488983 25
    endloop
  endfacet
  facet normal 0.9700312510179107 -0.242980188592871 0
    outer loop
      vertex 228.78470167517662 3.5485766157507896 0
      vertex 228.9039264023304 4.024548389017582 0
      vertex 228.78470167517662 3.5485766157507896 25
    endloop
  endfacet
  facet normal 0.9891765097240051 -0.14673047607854156 0
    outer loop
      vertex 228.9039264023304 4.024548389017582 0
      vertex 228.97592363506556 4.509914301335812 0
      vertex 228.9039264023304 4.024548389017582 25
    endloop
  endfacet
  facet normal 0.9987954563607843 -0.049067671159865246 0
    outer loop
      vertex 228.97592363506556 4.509914301335812 0
      vertex 229 5 0
      vertex 228.97592363506556 4.509914301335812 25
    endloop
  endfacet
  facet normal 0 0 -1
    outer loop
      vertex 224 0 0
      vertex 224 200 0
      vertex 224.4900856986642 0.024076364934444427 0
    endloop
  endfacet
  facet normal 0 0 -1
    outer loop
      vertex 224.4900856986642 0.024076364934444427 0
      vertex 224.4900856986642 199.97592363506556 0
      vertex 224.97545161098242 0.09607359766960144 0
    endloop
  endfacet
  facet normal 0 0 -1
    outer loop
      vertex 224.97545161098242 0.09607359766960144 0
      vertex 224.97545161098242 199.9039264023304 0
      vertex 225.4514233842492 0.21529832482337952 0
    endloop
  endfacet
  facet normal 0 0 -1
    outer loop
      vertex 225.4514233842492 0.21529832482337952 0
      vertex 225.4514233842492 199.78470167517662 0
      vertex 225.91341716051102 0.3806023374199867 0
    endloop
  endfacet
  facet normal 0 0 -1
    outer loop
      vertex 225.91341716051102 0.3806023374199867 0
      vertex 225.91341716051102 199.61939766258 0
      vertex 226.35698368400335 0.590393677353859 0
    endloop
  endfacet
  facet normal 0 0 -1
    outer loop
      vertex 226.35698368400335 0.590393677353859 0
      vertex 226.35698368400335 199.40960632264614 0
      vertex 226.77785116434097 0.842651940882206 0
    endloop
  endfacet
  facet normal 0 0 -1
    outer loop
      vertex 226.77785116434097 0.842651940882206 0
      vertex 226.77785116434097 199.1573480591178 0
      vertex 227.17196641862392 1.13494773209095 0
    endloop
  endfacet
  facet normal 0 0 -1
    outer loop
      vertex 227.17196641862392 1.13494773209095 0
      vertex 227.17196641862392 198.86505226790905 0
      vertex 227.5355339050293 1.4644660949707031 0
    endloop
  endfacet
  facet normal 0 0 -1
    outer loop
      vertex 227.5355339050293 1.4644660949707031 0
      vertex 227.5355339050293 198.5355339050293 0
      vertex 227.86505226790905 1.8280335813760757 0
    endloop
  endfacet
  facet normal 0 0 -1
    outer loop
      vertex 227.86505226790905 1.8280335813760757 0
      vertex 227.86505226790905 198.17196641862392 0
      vertex 228.1573480591178 2.222148835659027 0
    endloop
  endfacet
  facet normal 0 0 -1
    outer loop
      vertex 228.1573480591178 2.222148835659027 0
      vertex 228.1573480591178 197.77785116434097 0
      vertex 228.40960632264614 2.643016315996647 0
    endloop
  endfacet
  facet normal 0 0 -1
    outer loop
      vertex 228.40960632264614 2.643016315996647 0
      vertex 228.40960632264614 197.35698368400335 0
      vertex 228.61939766258 3.086582839488983 0
    endloop
  endfacet
  facet normal 0 0 -1
    outer loop
      vertex 228.61939766258 3.086582839488983 0
      vertex 228.61939766258 196.91341716051102 0
      vertex 228.78470167517662 3.5485766157507896 0
    endloop
  endfacet
  facet normal 0 0 -1
    outer loop
      vertex 228.78470167517662 3.5485766157507896 0
      vertex 228.78470167517662 196.4514233842492 0
      vertex 228.9039264023304 4.024548389017582 0
    endloop
  endfacet
  facet normal 0 0 -1
    outer loop
      vertex 228.9039264023304 4.024548389017582 0
      vertex 228.9039264023304 195.97545161098242 0
      vertex 228.97592363506556 4.509914301335812 0
    endloop
  endfacet
  facet normal 0 0 -1
    outer loop
      vertex 228.97592363506556 4.509914301335812 0
      vertex 228.97592363506556 195.4900856986642 0
      vertex 229 5 0
    endloop
  endfacet
  facet normal 1 0 0
    outer loop
      vertex 229 5 0
      vertex 229 195 0
      vertex 229 5 25
    endloop
  endfacet
  facet normal 0 -1 0
    outer loop
      vertex 224 0 25
      vertex 133.47110836003318 0 14.411897158022636
      vertex 133.38471168241938 0 13.82945806790323
    endloop
  endfacet
  facet normal 0 -1 0
    outer loop
      vertex 224 0 25
      vertex 133.5 0 15
      vertex 133.47110836003318 0 14.411897158022636
    endloop
  endfacet
  facet normal 0 -1 0
    outer loop
      vertex 224 0 25
      vertex 133.47110836003318 0 15.588102841977364
      vertex 133.5 0 15
    endloop
  endfacet
  facet normal 0 0 1
    outer loop
      vertex 75.33333333333333 3 25
      vertex 224 0 25
      vertex 78.33333333333333 3 25
    endloop
  endfacet
  facet normal 0 -1 0
    outer loop
      vertex 224 0 25
      vertex 133.38471168241938 0 16.170541932096768
      vertex 133.47110836003318 0 15.588102841977364
    endloop
  endfacet
  facet normal 0 -1 0
    outer loop
      vertex 224 0 25
      vertex 133.24164201439325 0 16.741708063526772
      vertex 133.38471168241938 0 16.170541932096768
    endloop
  endfacet
  facet normal 0 -1 0
    outer loop
      vertex 224 0 25
      vertex 133.04327719506773 0 17.296100594190538
      vertex 133.24164201439325 0 16.741708063526772
    endloop
  endfacet
  facet normal 0 -1 0
    outer loop
      vertex 224 0 25
      vertex 132.79152758609013 0 17.828380420955988
      vertex 133.04327719506773 0 17.296100594190538
    endloop
  endfacet
  facet normal 0 -1 0
    outer loop
      vertex 224 0 25
      vertex 132.48881767381528 0 18.333421398117615
      vertex 132.79152758609013 0 17.828380420955988
    endloop
  endfacet
  facet normal 0 -1 0
    outer loop
      vertex 224 0 25
      vertex 131.7426406871193 0 19.242640687119284
      vertex 132.13806272017644 0 18.806359704981872
    endloop
  endfacet
  facet normal 0 -1 0
    outer loop
      vertex 224 0 25
      vertex 132.13806272017644 0 18.806359704981872
      vertex 132.48881767381528 0 18.333421398117615
    endloop
  endfacet
  facet normal 0 -1 0
    outer loop
      vertex 224 0 25
      vertex 131.30635970498187 0 19.63806272017642
      vertex 131.7426406871193 0 19.242640687119284
    endloop
  endfacet
  facet normal 0 -1 0
    outer loop
      vertex 224 0 25
      vertex 130.83342139811762 0 19.98881767381527
      vertex 131.30635970498187 0 19.63806272017642
    endloop
  endfacet
  facet normal 0 -1 0
    outer loop
      vertex 224 0 25
      vertex 130.328380420956 0 20.29152758609013
      vertex 130.83342139811762 0 19.98881767381527
    endloop
  endfacet
  facet normal 0 -1 0
    outer loop
      vertex 224 0 25
      vertex 101.5 0 21
      vertex 127.5 0 21
    endloop
  endfacet
  facet normal 0 0 1
    outer loop
      vertex 78.33333333333333 3 25
      vertex 224 0 25
      vertex 150.66666666666666 3 25
    endloop
  endfacet
  facet normal 0 -1 0
    outer loop
      vertex 224 0 25
      vertex 129.24170806352677 0 20.741642014393253
      vertex 129.79610059419053 0 20.54327719506772
    endloop
  endfacet
  facet normal 0 -1 0
    outer loop
      vertex 224 0 25
      vertex 128.67054193209677 0 20.884711682419383
      vertex 129.24170806352677 0 20.741642014393253
    endloop
  endfacet
  facet normal 0 -1 0
    outer loop
      vertex 224 0 25
      vertex 127.5 0 21
      vertex 128.08810284197736 0 20.97110836003318
    endloop
  endfacet
  facet normal 0 -1 0
    outer loop
      vertex 224 0 25
      vertex 128.08810284197736 0 20.97110836003318
      vertex 128.67054193209677 0 20.884711682419383
    endloop
  endfacet
  facet normal 0 -1 0
    outer loop
      vertex 224 0 25
      vertex 129.79610059419053 0 20.54327719506772
      vertex 130.328380420956 0 20.29152758609013
    endloop
  endfacet
  facet normal 0 -1 0
    outer loop
      vertex 224 0 0
      vertex 224 0 25
      vertex 133.38471168241938 0 13.82945806790323
    endloop
  endfacet
  facet normal 0.049067671159865246 -0.9987954563607843 0
    outer loop
      vertex 224.4900856986642 0.024076364934444427 0
      vertex 224.4900856986642 0.024076364934444427 25
      vertex 224 0 25
    endloop
  endfacet
  facet normal 0.14673047607854156 -0.9891765097240051 0
    outer loop
      vertex 224.97545161098242 0.09607359766960144 0
      vertex 224.97545161098242 0.09607359766960144 25
      vertex 224.4900856986642 0.024076364934444427 25
    endloop
  endfacet
  facet normal 0.242980188592871 -0.9700312510179107 0
    outer loop
      vertex 225.4514233842492 0.21529832482337952 0
      vertex 225.4514233842492 0.21529832482337952 25
      vertex 224.97545161098242 0.09607359766960144 25
    endloop
  endfacet
  facet normal 0.33688984659619614 -0.941544067614677 0
    outer loop
      vertex 225.91341716051102 0.3806023374199867 0
      vertex 225.91341716051102 0.3806023374199867 25
      vertex 225.4514233842492 0.21529832482337952 25
    endloop
  endfacet
  facet normal 0.42755509102775247 -0.9039892942597552 0
    outer loop
      vertex 226.35698368400335 0.590393677353859 0
      vertex 226.35698368400335 0.590393677353859 25
      vertex 225.91341716051102 0.3806023374199867 25
    endloop
  endfacet
  facet normal 0.5141027497065687 -0.857728606695699 0
    outer loop
      vertex 226.77785116434097 0.842651940882206 0
      vertex 226.77785116434097 0.842651940882206 25
      vertex 226.35698368400335 0.590393677353859 25
    endloop
  endfacet
  facet normal 0.5956993013048966 -0.8032075338446834 0
    outer loop
      vertex 227.17196641862392 1.13494773209095 0
      vertex 227.17196641862392 1.13494773209095 25
      vertex 226.77785116434097 0.842651940882206 25
    endloop
  endfacet
  facet normal 0.6715589557743872 -0.7409511245144411 0
    outer loop
      vertex 227.5355339050293 1.4644660949707031 0
      vertex 227.5355339050293 1.4644660949707031 25
      vertex 227.17196641862392 1.13494773209095 25
    endloop
  endfacet
  facet normal 0.7409511245144411 -0.6715589557743872 0
    outer loop
      vertex 227.86505226790905 1.8280335813760757 0
      vertex 227.86505226790905 1.8280335813760757 25
      vertex 227.5355339050293 1.4644660949707031 25
    endloop
  endfacet
  facet normal 0.8032075338446834 -0.5956993013048966 0
    outer loop
      vertex 228.1573480591178 2.222148835659027 0
      vertex 228.1573480591178 2.222148835659027 25
      vertex 227.86505226790905 1.8280335813760757 25
    endloop
  endfacet
  facet normal 0.857728606695699 -0.5141027497065687 0
    outer loop
      vertex 228.40960632264614 2.643016315996647 0
      vertex 228.40960632264614 2.643016315996647 25
      vertex 228.1573480591178 2.222148835659027 25
    endloop
  endfacet
  facet normal 0.9039892942597552 -0.42755509102775247 0
    outer loop
      vertex 228.61939766258 3.086582839488983 0
      vertex 228.61939766258 3.086582839488983 25
      vertex 228.40960632264614 2.643016315996647 25
    endloop
  endfacet
  facet normal 0.941544067614677 -0.33688984659619614 0
    outer loop
      vertex 228.78470167517662 3.5485766157507896 0
      vertex 228.78470167517662 3.5485766157507896 25
      vertex 228.61939766258 3.086582839488983 25
    endloop
  endfacet
  facet normal 0.9700312510179107 -0.242980188592871 0
    outer loop
      vertex 228.9039264023304 4.024548389017582 0
      vertex 228.9039264023304 4.024548389017582 25
      vertex 228.78470167517662 3.5485766157507896 25
    endloop
  endfacet
  facet normal 0.9891765097240051 -0.14673047607854156 0
    outer loop
      vertex 228.97592363506556 4.509914301335812 0
      vertex 228.97592363506556 4.509914301335812 25
      vertex 228.9039264023304 4.024548389017582 25
    endloop
  endfacet
  facet normal 0.9987954563607843 -0.049067671159865246 0
    outer loop
      vertex 229 5 0
      vertex 229 5 25
      vertex 228.97592363506556 4.509914301335812 25
    endloop
  endfacet
  facet normal 0 0 1
    outer loop
      vertex 150.66666666666666 3 25
      vertex 224 0 25
      vertex 153.66666666666666 3 25
    endloop
  endfacet
  facet normal 0 0 1
    outer loop
      vertex 153.66666666666666 3 25
      vertex 224 0 25
      vertex 224 3 25
    endloop
  endfacet
  facet normal 0 0 1
    outer loop
      vertex 224 0 25
      vertex 224.4900856986642 0.024076364934444427 25
      vertex 224 3 25
    endloop
  endfacet
  facet normal 0 0 1
    outer loop
      vertex 224.4900856986642 0.024076364934444427 25
      vertex 224.97545161098242 0.09607359766960144 25
      vertex 224.3901806473732 3.0384294390678406 25
    endloop
  endfacet
  facet normal 0 0 1
    outer loop
      vertex 224.97545161098242 0.09607359766960144 25
      vertex 225.4514233842492 0.21529832482337952 25
      vertex 224.94279347360134 3.2361574694514275 25
    endloop
  endfacet
  facet normal 0 0 1
    outer loop
      vertex 224.4900856986642 0.024076364934444427 25
      vertex 224.1960342824459 3.0096305459737778 25
      vertex 224 3 25
    endloop
  endfacet
  facet normal 0 0 1
    outer loop
      vertex 224.4900856986642 0.024076364934444427 25
      vertex 224.3901806473732 3.0384294390678406 25
      vertex 224.1960342824459 3.0096305459737778 25
    endloop
  endfacet
  facet normal 0 0 1
    outer loop
      vertex 224.97545161098242 0.09607359766960144 25
      vertex 224.58056935667992 3.086119331419468 25
      vertex 224.3901806473732 3.0384294390678406 25
    endloop
  endfacet
  facet normal 0 0 1
    outer loop
      vertex 224.97545161098242 0.09607359766960144 25
      vertex 224.76536686718464 3.1522409319877625 25
      vertex 224.58056935667992 3.086119331419468 25
    endloop
  endfacet
  facet normal 0 0 1
    outer loop
      vertex 224.97545161098242 0.09607359766960144 25
      vertex 224.94279347360134 3.2361574694514275 25
      vertex 224.76536686718464 3.1522409319877625 25
    endloop
  endfacet
  facet normal 0 0 1
    outer loop
      vertex 224.94279347360134 3.2361574694514275 25
      vertex 225.4514233842492 0.21529832482337952 25
      vertex 225.1111404672265 3.337060771882534 25
    endloop
  endfacet
  facet normal 0 0 1
    outer loop
      vertex 225.1111404672265 3.337060771882534 25
      vertex 225.4514233842492 0.21529832482337952 25
      vertex 225.26878657191992 3.4539790898561478 25
    endloop
  endfacet
  facet normal 0 0 1
    outer loop
      vertex 225.26878657191992 3.4539790898561478 25
      vertex 225.4514233842492 0.21529832482337952 25
      vertex 225.4142135605216 3.5857864394783974 25
    endloop
  endfacet
  facet normal 0 0 1
    outer loop
      vertex 225.4142135605216 3.5857864394783974 25
      vertex 225.4514233842492 0.21529832482337952 25
      vertex 225.91341716051102 0.3806023374199867 25
    endloop
  endfacet
  facet normal 0 0 1
    outer loop
      vertex 225.91341716051102 0.3806023374199867 25
      vertex 226.35698368400335 0.590393677353859 25
      vertex 225.84775906801224 4.234633132815361 25
    endloop
  endfacet
  facet normal 0 0 1
    outer loop
      vertex 225.4142135605216 3.5857864394783974 25
      vertex 225.91341716051102 0.3806023374199867 25
      vertex 225.54602091014385 3.731213428080082 25
    endloop
  endfacet
  facet normal 0 0 1
    outer loop
      vertex 225.91341716051102 0.3806023374199867 25
      vertex 225.66293922811747 3.8888595327734947 25
      vertex 225.54602091014385 3.731213428080082 25
    endloop
  endfacet
  facet normal 0 0 1
    outer loop
      vertex 225.91341716051102 0.3806023374199867 25
      vertex 225.84775906801224 4.234633132815361 25
      vertex 225.76384253054857 4.057206526398659 25
    endloop
  endfacet
  facet normal 0 0 1
    outer loop
      vertex 225.91341716051102 0.3806023374199867 25
      vertex 225.76384253054857 4.057206526398659 25
      vertex 225.66293922811747 3.8888595327734947 25
    endloop
  endfacet
  facet normal 0 0 1
    outer loop
      vertex 226.35698368400335 0.590393677353859 25
      vertex 225.91388066858053 4.419430643320084 25
      vertex 225.84775906801224 4.234633132815361 25
    endloop
  endfacet
  facet normal 0 0 1
    outer loop
      vertex 226.35698368400335 0.590393677353859 25
      vertex 225.96157056093216 4.6098193526268005 25
      vertex 225.91388066858053 4.419430643320084 25
    endloop
  endfacet
  facet normal 0 0 1
    outer loop
      vertex 226.35698368400335 0.590393677353859 25
      vertex 226 5 25
      vertex 225.99036945402622 4.803965717554092 25
    endloop
  endfacet
  facet normal 0 0 1
    outer loop
      vertex 226.35698368400335 0.590393677353859 25
      vertex 225.99036945402622 4.803965717554092 25
      vertex 225.96157056093216 4.6098193526268005 25
    endloop
  endfacet
  facet normal 0 0 1
    outer loop
      vertex 226.35698368400335 0.590393677353859 25
      vertex 226.77785116434097 0.842651940882206 25
      vertex 226.35698368400335 199.40960632264614 25
    endloop
  endfacet
  facet normal 0 0 1
    outer loop
      vertex 226.77785116434097 0.842651940882206 25
      vertex 227.17196641862392 1.13494773209095 25
      vertex 226.77785116434097 199.1573480591178 25
    endloop
  endfacet
  facet normal 0 0 1
    outer loop
      vertex 226.35698368400335 0.590393677353859 25
      vertex 226.35698368400335 199.40960632264614 25
      vertex 226 5 25
    endloop
  endfacet
  facet normal 0 0 1
    outer loop
      vertex 227.17196641862392 1.13494773209095 25
      vertex 227.5355339050293 1.4644660949707031 25
      vertex 227.17196641862392 198.86505226790905 25
    endloop
  endfacet
  facet normal 0 0 1
    outer loop
      vertex 227.5355339050293 1.4644660949707031 25
      vertex 227.86505226790905 1.8280335813760757 25
      vertex 227.5355339050293 198.5355339050293 25
    endloop
  endfacet
  facet normal 0 0 1
    outer loop
      vertex 227.86505226790905 1.8280335813760757 25
      vertex 228.1573480591178 2.222148835659027 25
      vertex 227.86505226790905 198.17196641862392 25
    endloop
  endfacet
  facet normal 0 0 1
    outer loop
      vertex 228.1573480591178 2.222148835659027 25
      vertex 228.40960632264614 2.643016315996647 25
      vertex 228.1573480591178 197.77785116434097 25
    endloop
  endfacet
  facet normal 0 0 1
    outer loop
      vertex 228.40960632264614 2.643016315996647 25
      vertex 228.61939766258 3.086582839488983 25
      vertex 228.40960632264614 197.35698368400335 25
    endloop
  endfacet
  facet normal 0 0 1
    outer loop
      vertex 228.61939766258 3.086582839488983 25
      vertex 228.78470167517662 3.5485766157507896 25
      vertex 228.61939766258 196.91341716051102 25
    endloop
  endfacet
  facet normal 0 0 1
    outer loop
      vertex 228.78470167517662 3.5485766157507896 25
      vertex 228.9039264023304 4.024548389017582 25
      vertex 228.78470167517662 196.4514233842492 25
    endloop
  endfacet
  facet normal 0 0 1
    outer loop
      vertex 228.9039264023304 4.024548389017582 25
      vertex 228.97592363506556 4.509914301335812 25
      vertex 228.9039264023304 195.97545161098242 25
    endloop
  endfacet
  facet normal 0 0 1
    outer loop
      vertex 228.97592363506556 4.509914301335812 25
      vertex 229 5 25
      vertex 228.97592363506556 195.4900856986642 25
    endloop
  endfacet
  facet normal 0 0 -1
    outer loop
      vertex 5 200 0
      vertex 224 200 0
      vertex 224 0 0
    endloop
  endfacet
  facet normal 0 1 0
    outer loop
      vertex 5 200 0
      vertex 224 200 25
      vertex 224 200 0
    endloop
  endfacet
  facet normal 0 0 -1
    outer loop
      vertex 224.4900856986642 0.024076364934444427 0
      vertex 224 200 0
      vertex 224.4900856986642 199.97592363506556 0
    endloop
  endfacet
  facet normal 0 0 -1
    outer loop
      vertex 224.97545161098242 0.09607359766960144 0
      vertex 224.4900856986642 199.97592363506556 0
      vertex 224.97545161098242 199.9039264023304 0
    endloop
  endfacet
  facet normal 0 0 -1
    outer loop
      vertex 225.4514233842492 0.21529832482337952 0
      vertex 224.97545161098242 199.9039264023304 0
      vertex 225.4514233842492 199.78470167517662 0
    endloop
  endfacet
  facet normal 0 0 -1
    outer loop
      vertex 225.91341716051102 0.3806023374199867 0
      vertex 225.4514233842492 199.78470167517662 0
      vertex 225.91341716051102 199.61939766258 0
    endloop
  endfacet
  facet normal 0 0 -1
    outer loop
      vertex 226.35698368400335 0.590393677353859 0
      vertex 225.91341716051102 199.61939766258 0
      vertex 226.35698368400335 199.40960632264614 0
    endloop
  endfacet
  facet normal 0 0 -1
    outer loop
      vertex 226.77785116434097 0.842651940882206 0
      vertex 226.35698368400335 199.40960632264614 0
      vertex 226.77785116434097 199.1573480591178 0
    endloop
  endfacet
  facet normal 0 0 -1
    outer loop
      vertex 227.17196641862392 1.13494773209095 0
      vertex 226.77785116434097 199.1573480591178 0
      vertex 227.17196641862392 198.86505226790905 0
    endloop
  endfacet
  facet normal 0 0 -1
    outer loop
      vertex 228.1573480591178 2.222148835659027 0
      vertex 227.86505226790905 198.17196641862392 0
      vertex 228.1573480591178 197.77785116434097 0
    endloop
  endfacet
  facet normal 0 0 -1
    outer loop
      vertex 229 5 0
      vertex 228.97592363506556 195.4900856986642 0
      vertex 229 195 0
    endloop
  endfacet
  facet normal 0 0 -1
    outer loop
      vertex 228.97592363506556 4.509914301335812 0
      vertex 228.9039264023304 195.97545161098242 0
      vertex 228.97592363506556 195.4900856986642 0
    endloop
  endfacet
  facet normal 0 0 -1
    outer loop
      vertex 228.40960632264614 2.643016315996647 0
      vertex 228.1573480591178 197.77785116434097 0
      vertex 228.40960632264614 197.35698368400335 0
    endloop
  endfacet
  facet normal 0 0 -1
    outer loop
      vertex 228.61939766258 3.086582839488983 0
      vertex 228.40960632264614 197.35698368400335 0
      vertex 228.61939766258 196.91341716051102 0
    endloop
  endfacet
  facet normal 0 0 -1
    outer loop
      vertex 228.78470167517662 3.5485766157507896 0
      vertex 228.61939766258 196.91341716051102 0
      vertex 228.78470167517662 196.4514233842492 0
    endloop
  endfacet
  facet normal 0 0 -1
    outer loop
      vertex 228.9039264023304 4.024548389017582 0
      vertex 228.78470167517662 196.4514233842492 0
      vertex 228.9039264023304 195.97545161098242 0
    endloop
  endfacet
  facet normal 0 0 -1
    outer loop
      vertex 227.5355339050293 1.4644660949707031 0
      vertex 227.17196641862392 198.86505226790905 0
      vertex 227.5355339050293 198.5355339050293 0
    endloop
  endfacet
  facet normal 0 0 -1
    outer loop
      vertex 227.86505226790905 1.8280335813760757 0
      vertex 227.5355339050293 198.5355339050293 0
      vertex 227.86505226790905 198.17196641862392 0
    endloop
  endfacet
  facet normal 0.049067671159865246 0.9987954563607843 0
    outer loop
      vertex 224 200 0
      vertex 224.4900856986642 199.97592363506556 25
      vertex 224.4900856986642 199.97592363506556 0
    endloop
  endfacet
  facet normal 0.14673047607854156 0.9891765097240051 0
    outer loop
      vertex 224.4900856986642 199.97592363506556 0
      vertex 224.97545161098242 199.9039264023304 25
      vertex 224.97545161098242 199.9039264023304 0
    endloop
  endfacet
  facet normal 0.242980188592871 0.9700312510179107 0
    outer loop
      vertex 224.97545161098242 199.9039264023304 0
      vertex 225.4514233842492 199.78470167517662 25
      vertex 225.4514233842492 199.78470167517662 0
    endloop
  endfacet
  facet normal 0.9987954563607843 0.049067671159865246 0
    outer loop
      vertex 229 195 0
      vertex 228.97592363506556 195.4900856986642 0
      vertex 229 195 25
    endloop
  endfacet
  facet normal 0.9891765097240051 0.14673047607854156 0
    outer loop
      vertex 228.97592363506556 195.4900856986642 0
      vertex 228.9039264023304 195.97545161098242 0
      vertex 228.97592363506556 195.4900856986642 25
    endloop
  endfacet
  facet normal 0.9700312510179107 0.242980188592871 0
    outer loop
      vertex 228.9039264023304 195.97545161098242 0
      vertex 228.78470167517662 196.4514233842492 0
      vertex 228.9039264023304 195.97545161098242 25
    endloop
  endfacet
  facet normal 0.941544067614677 0.33688984659619614 0
    outer loop
      vertex 228.78470167517662 196.4514233842492 0
      vertex 228.61939766258 196.91341716051102 0
      vertex 228.78470167517662 196.4514233842492 25
    endloop
  endfacet
  facet normal 0.33688984659619614 0.941544067614677 0
    outer loop
      vertex 225.4514233842492 199.78470167517662 0
      vertex 225.91341716051102 199.61939766258 25
      vertex 225.91341716051102 199.61939766258 0
    endloop
  endfacet
  facet normal 0.42755509102775247 0.9039892942597552 0
    outer loop
      vertex 225.91341716051102 199.61939766258 0
      vertex 226.35698368400335 199.40960632264614 25
      vertex 226.35698368400335 199.40960632264614 0
    endloop
  endfacet
  facet normal 0.5956993013048966 0.8032075338446834 0
    outer loop
      vertex 226.77785116434097 199.1573480591178 0
      vertex 227.17196641862392 198.86505226790905 25
      vertex 227.17196641862392 198.86505226790905 0
    endloop
  endfacet
  facet normal 0.5141027497065687 0.857728606695699 0
    outer loop
      vertex 226.77785116434097 199.1573480591178 0
      vertex 226.35698368400335 199.40960632264614 0
      vertex 226.77785116434097 199.1573480591178 25
    endloop
  endfacet
  facet normal 0.8032075338446834 0.5956993013048966 0
    outer loop
      vertex 227.86505226790905 198.17196641862392 0
      vertex 228.1573480591178 197.77785116434097 25
      vertex 228.1573480591178 197.77785116434097 0
    endloop
  endfacet
  facet normal 0.7409511245144411 0.6715589557743872 0
    outer loop
      vertex 227.86505226790905 198.17196641862392 0
      vertex 227.5355339050293 198.5355339050293 0
      vertex 227.86505226790905 198.17196641862392 25
    endloop
  endfacet
  facet normal 0.9039892942597552 0.42755509102775247 0
    outer loop
      vertex 228.40960632264614 197.35698368400335 0
      vertex 228.61939766258 196.91341716051102 25
      vertex 228.61939766258 196.91341716051102 0
    endloop
  endfacet
  facet normal 0.857728606695699 0.5141027497065687 0
    outer loop
      vertex 228.40960632264614 197.35698368400335 0
      vertex 228.1573480591178 197.77785116434097 0
      vertex 228.40960632264614 197.35698368400335 25
    endloop
  endfacet
  facet normal 0.6715589557743872 0.7409511245144411 0
    outer loop
      vertex 227.17196641862392 198.86505226790905 0
      vertex 227.5355339050293 198.5355339050293 25
      vertex 227.5355339050293 198.5355339050293 0
    endloop
  endfacet
  facet normal 0 0 1
    outer loop
      vertex 5 200 25
      vertex 153.66666666666666 197 25
      vertex 224 197 25
    endloop
  endfacet
  facet normal 0 0 1
    outer loop
      vertex 5 200 25
      vertex 224 197 25
      vertex 224 200 25
    endloop
  endfacet
  facet normal 1 0 0
    outer loop
      vertex 229 5 25
      vertex 229 195 0
      vertex 229 195 25
    endloop
  endfacet
  facet normal 0 0 1
    outer loop
      vertex 226 5 25
      vertex 226.35698368400335 199.40960632264614 25
      vertex 226 195 25
    endloop
  endfacet
  facet normal 0 0 1
    outer loop
      vertex 226.77785116434097 0.842651940882206 25
      vertex 226.77785116434097 199.1573480591178 25
      vertex 226.35698368400335 199.40960632264614 25
    endloop
  endfacet
  facet normal 0 0 1
    outer loop
      vertex 227.17196641862392 1.13494773209095 25
      vertex 227.17196641862392 198.86505226790905 25
      vertex 226.77785116434097 199.1573480591178 25
    endloop
  endfacet
  facet normal 0 0 1
    outer loop
      vertex 228.1573480591178 2.222148835659027 25
      vertex 228.1573480591178 197.77785116434097 25
      vertex 227.86505226790905 198.17196641862392 25
    endloop
  endfacet
  facet normal 0 0 1
    outer loop
      vertex 229 5 25
      vertex 229 195 25
      vertex 228.97592363506556 195.4900856986642 25
    endloop
  endfacet
  facet normal 0 0 1
    outer loop
      vertex 228.97592363506556 4.509914301335812 25
      vertex 228.97592363506556 195.4900856986642 25
      vertex 228.9039264023304 195.97545161098242 25
    endloop
  endfacet
  facet normal 0 0 1
    outer loop
      vertex 228.40960632264614 2.643016315996647 25
      vertex 228.40960632264614 197.35698368400335 25
      vertex 228.1573480591178 197.77785116434097 25
    endloop
  endfacet
  facet normal 0 0 1
    outer loop
      vertex 228.61939766258 3.086582839488983 25
      vertex 228.61939766258 196.91341716051102 25
      vertex 228.40960632264614 197.35698368400335 25
    endloop
  endfacet
  facet normal 0 0 1
    outer loop
      vertex 228.78470167517662 3.5485766157507896 25
      vertex 228.78470167517662 196.4514233842492 25
      vertex 228.61939766258 196.91341716051102 25
    endloop
  endfacet
  facet normal 0 0 1
    outer loop
      vertex 228.9039264023304 4.024548389017582 25
      vertex 228.9039264023304 195.97545161098242 25
      vertex 228.78470167517662 196.4514233842492 25
    endloop
  endfacet
  facet normal 0 0 1
    outer loop
      vertex 227.5355339050293 1.4644660949707031 25
      vertex 227.5355339050293 198.5355339050293 25
      vertex 227.17196641862392 198.86505226790905 25
    endloop
  endfacet
  facet normal 0 0 1
    outer loop
      vertex 227.86505226790905 1.8280335813760757 25
      vertex 227.86505226790905 198.17196641862392 25
      vertex 227.5355339050293 198.5355339050293 25
    endloop
  endfacet
  facet normal 0.049067671159865246 0.9987954563607843 0
    outer loop
      vertex 224 200 0
      vertex 224 200 25
      vertex 224.4900856986642 199.97592363506556 25
    endloop
  endfacet
  facet normal 0.14673047607854156 0.9891765097240051 0
    outer loop
      vertex 224.4900856986642 199.97592363506556 0
      vertex 224.4900856986642 199.97592363506556 25
      vertex 224.97545161098242 199.9039264023304 25
    endloop
  endfacet
  facet normal 0.242980188592871 0.9700312510179107 0
    outer loop
      vertex 224.97545161098242 199.9039264023304 0
      vertex 224.97545161098242 199.9039264023304 25
      vertex 225.4514233842492 199.78470167517662 25
    endloop
  endfacet
  facet normal 0.9987954563607843 0.049067671159865246 0
    outer loop
      vertex 228.97592363506556 195.4900856986642 0
      vertex 228.97592363506556 195.4900856986642 25
      vertex 229 195 25
    endloop
  endfacet
  facet normal 0.9891765097240051 0.14673047607854156 0
    outer loop
      vertex 228.9039264023304 195.97545161098242 0
      vertex 228.9039264023304 195.97545161098242 25
      vertex 228.97592363506556 195.4900856986642 25
    endloop
  endfacet
  facet normal 0.9700312510179107 0.242980188592871 0
    outer loop
      vertex 228.78470167517662 196.4514233842492 0
      vertex 228.78470167517662 196.4514233842492 25
      vertex 228.9039264023304 195.97545161098242 25
    endloop
  endfacet
  facet normal 0.941544067614677 0.33688984659619614 0
    outer loop
      vertex 228.61939766258 196.91341716051102 0
      vertex 228.61939766258 196.91341716051102 25
      vertex 228.78470167517662 196.4514233842492 25
    endloop
  endfacet
  facet normal 0.33688984659619614 0.941544067614677 0
    outer loop
      vertex 225.4514233842492 199.78470167517662 0
      vertex 225.4514233842492 199.78470167517662 25
      vertex 225.91341716051102 199.61939766258 25
    endloop
  endfacet
  facet normal 0.42755509102775247 0.9039892942597552 0
    outer loop
      vertex 225.91341716051102 199.61939766258 0
      vertex 225.91341716051102 199.61939766258 25
      vertex 226.35698368400335 199.40960632264614 25
    endloop
  endfacet
  facet normal 0.5956993013048966 0.8032075338446834 0
    outer loop
      vertex 226.77785116434097 199.1573480591178 0
      vertex 226.77785116434097 199.1573480591178 25
      vertex 227.17196641862392 198.86505226790905 25
    endloop
  endfacet
  facet normal 0.5141027497065687 0.857728606695699 0
    outer loop
      vertex 226.35698368400335 199.40960632264614 0
      vertex 226.35698368400335 199.40960632264614 25
      vertex 226.77785116434097 199.1573480591178 25
    endloop
  endfacet
  facet normal 0.7409511245144411 0.6715589557743872 0
    outer loop
      vertex 227.5355339050293 198.5355339050293 0
      vertex 227.5355339050293 198.5355339050293 25
      vertex 227.86505226790905 198.17196641862392 25
    endloop
  endfacet
  facet normal 0.8032075338446834 0.5956993013048966 0
    outer loop
      vertex 227.86505226790905 198.17196641862392 0
      vertex 227.86505226790905 198.17196641862392 25
      vertex 228.1573480591178 197.77785116434097 25
    endloop
  endfacet
  facet normal 0.9039892942597552 0.42755509102775247 0
    outer loop
      vertex 228.40960632264614 197.35698368400335 0
      vertex 228.40960632264614 197.35698368400335 25
      vertex 228.61939766258 196.91341716051102 25
    endloop
  endfacet
  facet normal 0.857728606695699 0.5141027497065687 0
    outer loop
      vertex 228.1573480591178 197.77785116434097 0
      vertex 228.1573480591178 197.77785116434097 25
      vertex 228.40960632264614 197.35698368400335 25
    endloop
  endfacet
  facet normal 0.6715589557743872 0.7409511245144411 0
    outer loop
      vertex 227.17196641862392 198.86505226790905 0
      vertex 227.17196641862392 198.86505226790905 25
      vertex 227.5355339050293 198.5355339050293 25
    endloop
  endfacet
  facet normal 0 0 1
    outer loop
      vertex 224 197 25
      vertex 224.1960342824459 196.99036945402622 25
      vertex 224 200 25
    endloop
  endfacet
  facet normal 0 0 1
    outer loop
      vertex 224.3901806473732 196.96157056093216 25
      vertex 224.58056935667992 196.91388066858053 25
      vertex 224.4900856986642 199.97592363506556 25
    endloop
  endfacet
  facet normal 0 0 1
    outer loop
      vertex 224.1960342824459 196.99036945402622 25
      vertex 224.3901806473732 196.96157056093216 25
      vertex 224.4900856986642 199.97592363506556 25
    endloop
  endfacet
  facet normal 0 0 1
    outer loop
      vertex 225.4142135605216 196.4142135605216 25
      vertex 225.4514233842492 199.78470167517662 25
      vertex 225.26878657191992 196.54602091014385 25
    endloop
  endfacet
  facet normal 0 0 1
    outer loop
      vertex 224.76536686718464 196.84775906801224 25
      vertex 224.94279347360134 196.76384253054857 25
      vertex 224.97545161098242 199.9039264023304 25
    endloop
  endfacet
  facet normal 0 0 1
    outer loop
      vertex 224.76536686718464 196.84775906801224 25
      vertex 224.97545161098242 199.9039264023304 25
      vertex 224.58056935667992 196.91388066858053 25
    endloop
  endfacet
  facet normal 0 0 1
    outer loop
      vertex 224.94279347360134 196.76384253054857 25
      vertex 225.1111404672265 196.66293922811747 25
      vertex 224.97545161098242 199.9039264023304 25
    endloop
  endfacet
  facet normal 0 0 1
    outer loop
      vertex 225.1111404672265 196.66293922811747 25
      vertex 225.26878657191992 196.54602091014385 25
      vertex 225.4514233842492 199.78470167517662 25
    endloop
  endfacet
  facet normal 0 0 1
    outer loop
      vertex 224.1960342824459 196.99036945402622 25
      vertex 224.4900856986642 199.97592363506556 25
      vertex 224 200 25
    endloop
  endfacet
  facet normal 0 0 1
    outer loop
      vertex 224.58056935667992 196.91388066858053 25
      vertex 224.97545161098242 199.9039264023304 25
      vertex 224.4900856986642 199.97592363506556 25
    endloop
  endfacet
  facet normal 0 0 1
    outer loop
      vertex 225.1111404672265 196.66293922811747 25
      vertex 225.4514233842492 199.78470167517662 25
      vertex 224.97545161098242 199.9039264023304 25
    endloop
  endfacet
  facet normal 0 0 1
    outer loop
      vertex 225.96157056093216 195.3901806473732 25
      vertex 225.91341716051102 199.61939766258 25
      vertex 225.91388066858053 195.58056935667992 25
    endloop
  endfacet
  facet normal 0 0 1
    outer loop
      vertex 226 195 25
      vertex 226.35698368400335 199.40960632264614 25
      vertex 225.99036945402622 195.1960342824459 25
    endloop
  endfacet
  facet normal 0 0 1
    outer loop
      vertex 225.99036945402622 195.1960342824459 25
      vertex 226.35698368400335 199.40960632264614 25
      vertex 225.96157056093216 195.3901806473732 25
    endloop
  endfacet
  facet normal 0 0 1
    outer loop
      vertex 225.84775906801224 195.76536686718464 25
      vertex 225.91341716051102 199.61939766258 25
      vertex 225.76384253054857 195.94279347360134 25
    endloop
  endfacet
  facet normal 0 0 1
    outer loop
      vertex 225.76384253054857 195.94279347360134 25
      vertex 225.91341716051102 199.61939766258 25
      vertex 225.66293922811747 196.1111404672265 25
    endloop
  endfacet
  facet normal 0 0 1
    outer loop
      vertex 225.4142135605216 196.4142135605216 25
      vertex 225.54602091014385 196.26878657191992 25
      vertex 225.4514233842492 199.78470167517662 25
    endloop
  endfacet
  facet normal 0 0 1
    outer loop
      vertex 225.54602091014385 196.26878657191992 25
      vertex 225.66293922811747 196.1111404672265 25
      vertex 225.91341716051102 199.61939766258 25
    endloop
  endfacet
  facet normal 0 0 1
    outer loop
      vertex 225.84775906801224 195.76536686718464 25
      vertex 225.91388066858053 195.58056935667992 25
      vertex 225.91341716051102 199.61939766258 25
    endloop
  endfacet
  facet normal 0 0 1
    outer loop
      vertex 225.96157056093216 195.3901806473732 25
      vertex 226.35698368400335 199.40960632264614 25
      vertex 225.91341716051102 199.61939766258 25
    endloop
  endfacet
  facet normal 0 0 1
    outer loop
      vertex 225.54602091014385 196.26878657191992 25
      vertex 225.91341716051102 199.61939766258 25
      vertex 225.4514233842492 199.78470167517662 25
    endloop
  endfacet
  facet normal 0.7409510994850822 0.671558983390028 0
    outer loop
      vertex 3.4539790898561478 3.731213428080082 3
      vertex 3.4539790898561478 3.731213428080082 25
      vertex 3.5857864394783974 3.5857864394783974 3
    endloop
  endfacet
  facet normal 0.8032075356003306 0.5956992989376803 0
    outer loop
      vertex 3.337060771882534 3.8888595327734947 3
      vertex 3.337060771882534 3.8888595327734947 25
      vertex 3.4539790898561478 3.731213428080082 3
    endloop
  endfacet
  facet normal 0.941544074839288 0.33688982640476 0
    outer loop
      vertex 3.086119331419468 4.419430643320084 3
      vertex 3.086119331419468 4.419430643320084 25
      vertex 3.1522409319877625 4.234633132815361 3
    endloop
  endfacet
  facet normal 0.9700312492284539 0.24298019573678306 0
    outer loop
      vertex 3.086119331419468 4.419430643320084 3
      vertex 3.0384294390678406 4.6098193526268005 3
      vertex 3.0384294390678406 4.6098193526268005 25
    endloop
  endfacet
  facet normal 0.8577286153979926 0.5141027351876692 0
    outer loop
      vertex 3.337060771882534 3.8888595327734947 3
      vertex 3.2361574694514275 4.057206526398659 3
      vertex 3.2361574694514275 4.057206526398659 25
    endloop
  endfacet
  facet normal 0.9039892885496102 0.4275551031008397 0
    outer loop
      vertex 3.2361574694514275 4.057206526398659 3
      vertex 3.1522409319877625 4.234633132815361 3
      vertex 3.1522409319877625 4.234633132815361 25
    endloop
  endfacet
  facet normal 0.989176509724005 0.14673047607854153 0
    outer loop
      vertex 3.0384294390678406 4.6098193526268005 3
      vertex 3.0096305459737778 4.803965717554092 3
      vertex 3.0096305459737778 4.803965717554092 25
    endloop
  endfacet
  facet normal 0.9987954563973427 0.0490676704157047 0
    outer loop
      vertex 3.0096305459737778 4.803965717554092 3
      vertex 3 5 3
      vertex 3 5 25
    endloop
  endfacet
  facet normal 0.24298019573678306 0.9700312492284539 0
    outer loop
      vertex 4.419430643320084 3.086119331419468 3
      vertex 4.419430643320084 3.086119331419468 25
      vertex 4.6098193526268005 3.0384294390678406 3
    endloop
  endfacet
  facet normal 0.14673047607854153 0.989176509724005 0
    outer loop
      vertex 4.6098193526268005 3.0384294390678406 3
      vertex 4.6098193526268005 3.0384294390678406 25
      vertex 4.803965717554092 3.0096305459737778 3
    endloop
  endfacet
  facet normal 0.0490676704157047 0.9987954563973427 0
    outer loop
      vertex 4.803965717554092 3.0096305459737778 3
      vertex 4.803965717554092 3.0096305459737778 25
      vertex 5 3 3
    endloop
  endfacet
  facet normal 0.5956992989376803 0.8032075356003306 0
    outer loop
      vertex 3.731213428080082 3.4539790898561478 3
      vertex 3.731213428080082 3.4539790898561478 25
      vertex 3.8888595327734947 3.337060771882534 3
    endloop
  endfacet
  facet normal 0.5141027351876692 0.8577286153979926 0
    outer loop
      vertex 3.8888595327734947 3.337060771882534 3
      vertex 3.8888595327734947 3.337060771882534 25
      vertex 4.057206526398659 3.2361574694514275 3
    endloop
  endfacet
  facet normal 0.671558983390028 0.7409510994850822 0
    outer loop
      vertex 3.731213428080082 3.4539790898561478 3
      vertex 3.5857864394783974 3.5857864394783974 3
      vertex 3.5857864394783974 3.5857864394783974 25
    endloop
  endfacet
  facet normal 0.4275551031008397 0.9039892885496102 0
    outer loop
      vertex 4.057206526398659 3.2361574694514275 3
      vertex 4.057206526398659 3.2361574694514275 25
      vertex 4.234633132815361 3.1522409319877625 3
    endloop
  endfacet
  facet normal 0.33688982640476 0.941544074839288 0
    outer loop
      vertex 4.419430643320084 3.086119331419468 3
      vertex 4.234633132815361 3.1522409319877625 3
      vertex 4.234633132815361 3.1522409319877625 25
    endloop
  endfacet
  facet normal 0 1 0
    outer loop
      vertex 5 3 3
      vertex 5 3 25
      vertex 75.33333333333333 3 3
    endloop
  endfacet
  facet normal 0 0 1
    outer loop
      vertex 3.337060771882534 3.8888595327734947 3
      vertex 3.2361574694514275 195.94279347360134 3
      vertex 3.2361574694514275 4.057206526398659 3
    endloop
  endfacet
  facet normal 0 0 1
    outer loop
      vertex 3.337060771882534 3.8888595327734947 3
      vertex 3.4539790898561478 3.731213428080082 3
      vertex 3.337060771882534 196.1111404672265 3
    endloop
  endfacet
  facet normal 0 0 1
    outer loop
      vertex 3.4539790898561478 3.731213428080082 3
      vertex 3.5857864394783974 3.5857864394783974 3
      vertex 3.4539790898561478 196.26878657191992 3
    endloop
  endfacet
  facet normal 0 0 1
    outer loop
      vertex 3.086119331419468 4.419430643320084 3
      vertex 3.0384294390678406 195.3901806473732 3
      vertex 3.0384294390678406 4.6098193526268005 3
    endloop
  endfacet
  facet normal 0 0 1
    outer loop
      vertex 3.086119331419468 4.419430643320084 3
      vertex 3.1522409319877625 4.234633132815361 3
      vertex 3.086119331419468 195.58056935667992 3
    endloop
  endfacet
  facet normal 0 0 1
    outer loop
      vertex 3.0096305459737778 4.803965717554092 3
      vertex 3 195 3
      vertex 3 5 3
    endloop
  endfacet
  facet normal 0 0 1
    outer loop
      vertex 3.0384294390678406 4.6098193526268005 3
      vertex 3.0096305459737778 195.1960342824459 3
      vertex 3.0096305459737778 4.803965717554092 3
    endloop
  endfacet
  facet normal 0 0 1
    outer loop
      vertex 3.2361574694514275 4.057206526398659 3
      vertex 3.1522409319877625 195.76536686718464 3
      vertex 3.1522409319877625 4.234633132815361 3
    endloop
  endfacet
  facet normal 0 0 1
    outer loop
      vertex 3.731213428080082 3.4539790898561478 3
      vertex 3.8888595327734947 3.337060771882534 3
      vertex 3.731213428080082 196.54602091014385 3
    endloop
  endfacet
  facet normal 0 0 1
    outer loop
      vertex 3.731213428080082 3.4539790898561478 3
      vertex 3.5857864394783974 196.4142135605216 3
      vertex 3.5857864394783974 3.5857864394783974 3
    endloop
  endfacet
  facet normal 0 0 1
    outer loop
      vertex 3.8888595327734947 3.337060771882534 3
      vertex 4.057206526398659 3.2361574694514275 3
      vertex 3.8888595327734947 196.66293922811747 3
    endloop
  endfacet
  facet normal 0 0 1
    outer loop
      vertex 4.057206526398659 3.2361574694514275 3
      vertex 4.234633132815361 3.1522409319877625 3
      vertex 4.057206526398659 196.76384253054857 3
    endloop
  endfacet
  facet normal 0 0 1
    outer loop
      vertex 4.419430643320084 3.086119331419468 3
      vertex 4.234633132815361 196.84775906801224 3
      vertex 4.234633132815361 3.1522409319877625 3
    endloop
  endfacet
  facet normal 0 0 1
    outer loop
      vertex 4.419430643320084 3.086119331419468 3
      vertex 4.6098193526268005 3.0384294390678406 3
      vertex 4.419430643320084 196.91388066858053 3
    endloop
  endfacet
  facet normal 0 0 1
    outer loop
      vertex 4.6098193526268005 3.0384294390678406 3
      vertex 4.803965717554092 3.0096305459737778 3
      vertex 4.6098193526268005 196.96157056093216 3
    endloop
  endfacet
  facet normal 0 0 1
    outer loop
      vertex 4.803965717554092 3.0096305459737778 3
      vertex 5 3 3
      vertex 4.803965717554092 196.99036945402622 3
    endloop
  endfacet
  facet normal 0 0 1
    outer loop
      vertex 5 3 3
      vertex 75.33333333333333 3 3
      vertex 75.33333333333333 197 3
    endloop
  endfacet
  facet normal 0 1 0
    outer loop
      vertex 78.33333333333333 3 3
      vertex 99.75829193647323 3 9.258357985606747
      vertex 100.32945806790323 3 9.115288317580617
    endloop
  endfacet
  facet normal 0 1 0
    outer loop
      vertex 78.33333333333333 3 3
      vertex 98.67161957904402 3 9.70847241390987
      vertex 99.20389940580947 3 9.45672280493228
    endloop
  endfacet
  facet normal 0 1 0
    outer loop
      vertex 78.33333333333333 3 3
      vertex 99.20389940580947 3 9.45672280493228
      vertex 99.75829193647323 3 9.258357985606747
    endloop
  endfacet
  facet normal 0 1 0
    outer loop
      vertex 78.33333333333333 3 3
      vertex 98.16657860188238 3 10.011182326184729
      vertex 98.67161957904402 3 9.70847241390987
    endloop
  endfacet
  facet normal 0 1 0
    outer loop
      vertex 78.33333333333333 3 3
      vertex 97.69364029501813 3 10.361937279823579
      vertex 98.16657860188238 3 10.011182326184729
    endloop
  endfacet
  facet normal 0 1 0
    outer loop
      vertex 78.33333333333333 3 3
      vertex 100.91189715802264 3 9.028891639966819
      vertex 101.5 3 9
    endloop
  endfacet
  facet normal 0 1 0
    outer loop
      vertex 78.33333333333333 3 3
      vertex 100.32945806790323 3 9.115288317580617
      vertex 100.91189715802264 3 9.028891639966819
    endloop
  endfacet
  facet normal 0 1 0
    outer loop
      vertex 78.33333333333333 3 3
      vertex 97.25735931288071 3 10.757359312880714
      vertex 97.69364029501813 3 10.361937279823579
    endloop
  endfacet
  facet normal 0 1 0
    outer loop
      vertex 78.33333333333333 3 3
      vertex 96.86193727982358 3 11.193640295018128
      vertex 97.25735931288071 3 10.757359312880714
    endloop
  endfacet
  facet normal 0 1 0
    outer loop
      vertex 78.33333333333333 3 3
      vertex 96.51118232618472 3 11.666578601882387
      vertex 96.86193727982358 3 11.193640295018128
    endloop
  endfacet
  facet normal 0 1 0
    outer loop
      vertex 78.33333333333333 3 3
      vertex 96.20847241390987 3 12.171619579044014
      vertex 96.51118232618472 3 11.666578601882387
    endloop
  endfacet
  facet normal 0 1 0
    outer loop
      vertex 78.33333333333333 3 3
      vertex 95.95672280493228 3 12.703899405809462
      vertex 96.20847241390987 3 12.171619579044014
    endloop
  endfacet
  facet normal 0 1 0
    outer loop
      vertex 78.33333333333333 3 3
      vertex 101.5 3 9
      vertex 127.5 3 9
    endloop
  endfacet
  facet normal 0 1 0
    outer loop
      vertex 78.33333333333333 3 3
      vertex 95.75835798560675 3 13.258291936473226
      vertex 95.95672280493228 3 12.703899405809462
    endloop
  endfacet
  facet normal 0 1 0
    outer loop
      vertex 78.33333333333333 3 3
      vertex 95.61528831758062 3 13.82945806790323
      vertex 95.75835798560675 3 13.258291936473226
    endloop
  endfacet
  facet normal 0 1 0
    outer loop
      vertex 78.33333333333333 3 3
      vertex 95.52889163996682 3 14.411897158022636
      vertex 95.61528831758062 3 13.82945806790323
    endloop
  endfacet
  facet normal 0 1 0
    outer loop
      vertex 78.33333333333333 3 3
      vertex 95.5 3 15
      vertex 95.52889163996682 3 14.411897158022636
    endloop
  endfacet
  facet normal 0 1 0
    outer loop
      vertex 78.33333333333333 3 3
      vertex 95.52889163996682 3 15.588102841977364
      vertex 95.5 3 15
    endloop
  endfacet
  facet normal 0 1 0
    outer loop
      vertex 78.33333333333333 3 3
      vertex 95.61528831758062 3 16.170541932096768
      vertex 95.52889163996682 3 15.588102841977364
    endloop
  endfacet
  facet normal 0.7409510994850822 0.671558983390028 0
    outer loop
      vertex 3.5857864394783974 3.5857864394783974 3
      vertex 3.4539790898561478 3.731213428080082 25
      vertex 3.5857864394783974 3.5857864394783974 25
    endloop
  endfacet
  facet normal 0.8032075356003306 0.5956992989376803 0
    outer loop
      vertex 3.4539790898561478 3.731213428080082 3
      vertex 3.337060771882534 3.8888595327734947 25
      vertex 3.4539790898561478 3.731213428080082 25
    endloop
  endfacet
  facet normal 0.941544074839288 0.33688982640476 0
    outer loop
      vertex 3.1522409319877625 4.234633132815361 3
      vertex 3.086119331419468 4.419430643320084 25
      vertex 3.1522409319877625 4.234633132815361 25
    endloop
  endfacet
  facet normal 0.9700312492284539 0.24298019573678306 0
    outer loop
      vertex 3.086119331419468 4.419430643320084 3
      vertex 3.0384294390678406 4.6098193526268005 25
      vertex 3.086119331419468 4.419430643320084 25
    endloop
  endfacet
  facet normal 0.989176509724005 0.14673047607854153 0
    outer loop
      vertex 3.0384294390678406 4.6098193526268005 3
      vertex 3.0096305459737778 4.803965717554092 25
      vertex 3.0384294390678406 4.6098193526268005 25
    endloop
  endfacet
  facet normal 0.8577286153979926 0.5141027351876692 0
    outer loop
      vertex 3.337060771882534 3.8888595327734947 3
      vertex 3.2361574694514275 4.057206526398659 25
      vertex 3.337060771882534 3.8888595327734947 25
    endloop
  endfacet
  facet normal 0.9039892885496102 0.4275551031008397 0
    outer loop
      vertex 3.2361574694514275 4.057206526398659 3
      vertex 3.1522409319877625 4.234633132815361 25
      vertex 3.2361574694514275 4.057206526398659 25
    endloop
  endfacet
  facet normal 0.9987954563973427 0.0490676704157047 0
    outer loop
      vertex 3.0096305459737778 4.803965717554092 3
      vertex 3 5 25
      vertex 3.0096305459737778 4.803965717554092 25
    endloop
  endfacet
  facet normal 0.33688982640476 0.941544074839288 0
    outer loop
      vertex 4.419430643320084 3.086119331419468 3
      vertex 4.234633132815361 3.1522409319877625 25
      vertex 4.419430643320084 3.086119331419468 25
    endloop
  endfacet
  facet normal 0.24298019573678306 0.9700312492284539 0
    outer loop
      vertex 4.6098193526268005 3.0384294390678406 3
      vertex 4.419430643320084 3.086119331419468 25
      vertex 4.6098193526268005 3.0384294390678406 25
    endloop
  endfacet
  facet normal 0.14673047607854153 0.989176509724005 0
    outer loop
      vertex 4.803965717554092 3.0096305459737778 3
      vertex 4.6098193526268005 3.0384294390678406 25
      vertex 4.803965717554092 3.0096305459737778 25
    endloop
  endfacet
  facet normal 0.0490676704157047 0.9987954563973427 0
    outer loop
      vertex 5 3 3
      vertex 4.803965717554092 3.0096305459737778 25
      vertex 5 3 25
    endloop
  endfacet
  facet normal 0.671558983390028 0.7409510994850822 0
    outer loop
      vertex 3.731213428080082 3.4539790898561478 3
      vertex 3.5857864394783974 3.5857864394783974 25
      vertex 3.731213428080082 3.4539790898561478 25
    endloop
  endfacet
  facet normal 0.5141027351876692 0.8577286153979926 0
    outer loop
      vertex 4.057206526398659 3.2361574694514275 3
      vertex 3.8888595327734947 3.337060771882534 25
      vertex 4.057206526398659 3.2361574694514275 25
    endloop
  endfacet
  facet normal 0.5956992989376803 0.8032075356003306 0
    outer loop
      vertex 3.8888595327734947 3.337060771882534 3
      vertex 3.731213428080082 3.4539790898561478 25
      vertex 3.8888595327734947 3.337060771882534 25
    endloop
  endfacet
  facet normal 0.4275551031008397 0.9039892885496102 0
    outer loop
      vertex 4.234633132815361 3.1522409319877625 3
      vertex 4.057206526398659 3.2361574694514275 25
      vertex 4.234633132815361 3.1522409319877625 25
    endloop
  endfacet
  facet normal 0 1 0
    outer loop
      vertex 75.33333333333333 3 3
      vertex 5 3 25
      vertex 75.33333333333333 3 25
    endloop
  endfacet
  facet normal 1 0 0
    outer loop
      vertex 3 5 3
      vertex 3 195 25
      vertex 3 5 25
    endloop
  endfacet
  facet normal 0 1 0
    outer loop
      vertex 78.33333333333333 3 3
      vertex 78.33333333333333 3 25
      vertex 95.61528831758062 3 16.170541932096768
    endloop
  endfacet
  facet normal 0 1 0
    outer loop
      vertex 78.33333333333333 3 25
      vertex 95.75835798560675 3 16.741708063526772
      vertex 95.61528831758062 3 16.170541932096768
    endloop
  endfacet
  facet normal 0 1 0
    outer loop
      vertex 78.33333333333333 3 25
      vertex 95.95672280493228 3 17.296100594190538
      vertex 95.75835798560675 3 16.741708063526772
    endloop
  endfacet
  facet normal 0 1 0
    outer loop
      vertex 78.33333333333333 3 25
      vertex 96.20847241390987 3 17.828380420955988
      vertex 95.95672280493228 3 17.296100594190538
    endloop
  endfacet
  facet normal 0 1 0
    outer loop
      vertex 78.33333333333333 3 25
      vertex 96.51118232618472 3 18.333421398117615
      vertex 96.20847241390987 3 17.828380420955988
    endloop
  endfacet
  facet normal 0 1 0
    outer loop
      vertex 78.33333333333333 3 25
      vertex 96.86193727982358 3 18.806359704981872
      vertex 96.51118232618472 3 18.333421398117615
    endloop
  endfacet
  facet normal 0 1 0
    outer loop
      vertex 78.33333333333333 3 25
      vertex 97.25735931288071 3 19.242640687119284
      vertex 96.86193727982358 3 18.806359704981872
    endloop
  endfacet
  facet normal 0 1 0
    outer loop
      vertex 78.33333333333333 3 25
      vertex 97.69364029501813 3 19.63806272017642
      vertex 97.25735931288071 3 19.242640687119284
    endloop
  endfacet
  facet normal 0 1 0
    outer loop
      vertex 78.33333333333333 3 25
      vertex 98.16657860188238 3 19.98881767381527
      vertex 97.69364029501813 3 19.63806272017642
    endloop
  endfacet
  facet normal 0 1 0
    outer loop
      vertex 78.33333333333333 3 25
      vertex 98.67161957904402 3 20.29152758609013
      vertex 98.16657860188238 3 19.98881767381527
    endloop
  endfacet
  facet normal 0 1 0
    outer loop
      vertex 78.33333333333333 3 25
      vertex 99.20389940580947 3 20.54327719506772
      vertex 98.67161957904402 3 20.29152758609013
    endloop
  endfacet
  facet normal 0 1 0
    outer loop
      vertex 78.33333333333333 3 25
      vertex 99.75829193647323 3 20.741642014393253
      vertex 99.20389940580947 3 20.54327719506772
    endloop
  endfacet
  facet normal 0 1 0
    outer loop
      vertex 78.33333333333333 3 25
      vertex 100.32945806790323 3 20.884711682419383
      vertex 99.75829193647323 3 20.741642014393253
    endloop
  endfacet
  facet normal 0 1 0
    outer loop
      vertex 78.33333333333333 3 25
      vertex 100.91189715802264 3 20.97110836003318
      vertex 100.32945806790323 3 20.884711682419383
    endloop
  endfacet
  facet normal 0 1 0
    outer loop
      vertex 78.33333333333333 3 25
      vertex 101.5 3 21
      vertex 100.91189715802264 3 20.97110836003318
    endloop
  endfacet
  facet normal 0 1 0
    outer loop
      vertex 78.33333333333333 3 25
      vertex 150.66666666666666 3 25
      vertex 101.5 3 21
    endloop
  endfacet
  facet normal 0 0 1
    outer loop
      vertex 3.0096305459737778 4.803965717554092 3
      vertex 3.0096305459737778 195.1960342824459 3
      vertex 3 195 3
    endloop
  endfacet
  facet normal 0 0 1
    outer loop
      vertex 3.0384294390678406 4.6098193526268005 3
      vertex 3.0384294390678406 195.3901806473732 3
      vertex 3.0096305459737778 195.1960342824459 3
    endloop
  endfacet
  facet normal 0 0 1
    outer loop
      vertex 3.086119331419468 4.419430643320084 3
      vertex 3.086119331419468 195.58056935667992 3
      vertex 3.0384294390678406 195.3901806473732 3
    endloop
  endfacet
  facet normal 0 0 1
    outer loop
      vertex 3.1522409319877625 4.234633132815361 3
      vertex 3.1522409319877625 195.76536686718464 3
      vertex 3.086119331419468 195.58056935667992 3
    endloop
  endfacet
  facet normal 0 0 1
    outer loop
      vertex 3.2361574694514275 4.057206526398659 3
      vertex 3.2361574694514275 195.94279347360134 3
      vertex 3.1522409319877625 195.76536686718464 3
    endloop
  endfacet
  facet normal 0 0 1
    outer loop
      vertex 3.337060771882534 3.8888595327734947 3
      vertex 3.337060771882534 196.1111404672265 3
      vertex 3.2361574694514275 195.94279347360134 3
    endloop
  endfacet
  facet normal 0 0 1
    outer loop
      vertex 3.4539790898561478 3.731213428080082 3
      vertex 3.4539790898561478 196.26878657191992 3
      vertex 3.337060771882534 196.1111404672265 3
    endloop
  endfacet
  facet normal 0 0 1
    outer loop
      vertex 3.5857864394783974 3.5857864394783974 3
      vertex 3.5857864394783974 196.4142135605216 3
      vertex 3.4539790898561478 196.26878657191992 3
    endloop
  endfacet
  facet normal 0 0 1
    outer loop
      vertex 3.731213428080082 3.4539790898561478 3
      vertex 3.731213428080082 196.54602091014385 3
      vertex 3.5857864394783974 196.4142135605216 3
    endloop
  endfacet
  facet normal 0 0 1
    outer loop
      vertex 3.8888595327734947 3.337060771882534 3
      vertex 3.8888595327734947 196.66293922811747 3
      vertex 3.731213428080082 196.54602091014385 3
    endloop
  endfacet
  facet normal 0 0 1
    outer loop
      vertex 4.057206526398659 3.2361574694514275 3
      vertex 4.057206526398659 196.76384253054857 3
      vertex 3.8888595327734947 196.66293922811747 3
    endloop
  endfacet
  facet normal 0 0 1
    outer loop
      vertex 4.234633132815361 3.1522409319877625 3
      vertex 4.234633132815361 196.84775906801224 3
      vertex 4.057206526398659 196.76384253054857 3
    endloop
  endfacet
  facet normal 0 0 1
    outer loop
      vertex 4.419430643320084 3.086119331419468 3
      vertex 4.419430643320084 196.91388066858053 3
      vertex 4.234633132815361 196.84775906801224 3
    endloop
  endfacet
  facet normal 0 0 1
    outer loop
      vertex 4.6098193526268005 3.0384294390678406 3
      vertex 4.6098193526268005 196.96157056093216 3
      vertex 4.419430643320084 196.91388066858053 3
    endloop
  endfacet
  facet normal 0 0 1
    outer loop
      vertex 4.803965717554092 3.0096305459737778 3
      vertex 4.803965717554092 196.99036945402622 3
      vertex 4.6098193526268005 196.96157056093216 3
    endloop
  endfacet
  facet normal 0 0 1
    outer loop
      vertex 5 3 3
      vertex 5 197 3
      vertex 4.803965717554092 196.99036945402622 3
    endloop
  endfacet
  facet normal 0 0 1
    outer loop
      vertex 5 3 3
      vertex 75.33333333333333 197 3
      vertex 5 197 3
    endloop
  endfacet
  facet normal 1 0 0
    outer loop
      vertex 3 5 3
      vertex 3 195 3
      vertex 3 195 25
    endloop
  endfacet
  facet normal 0.9987954563973427 -0.0490676704157047 0
    outer loop
      vertex 3 195 3
      vertex 3.0096305459737778 195.1960342824459 3
      vertex 3.0096305459737778 195.1960342824459 25
    endloop
  endfacet
  facet normal 0.989176509724005 -0.14673047607854153 0
    outer loop
      vertex 3.0096305459737778 195.1960342824459 3
      vertex 3.0384294390678406 195.3901806473732 3
      vertex 3.0384294390678406 195.3901806473732 25
    endloop
  endfacet
  facet normal 0.9700312492284539 -0.24298019573678306 0
    outer loop
      vertex 3.0384294390678406 195.3901806473732 3
      vertex 3.086119331419468 195.58056935667992 3
      vertex 3.086119331419468 195.58056935667992 25
    endloop
  endfacet
  facet normal 0.941544074839288 -0.33688982640476 0
    outer loop
      vertex 3.086119331419468 195.58056935667992 3
      vertex 3.1522409319877625 195.76536686718464 3
      vertex 3.1522409319877625 195.76536686718464 25
    endloop
  endfacet
  facet normal 0.9039892885496102 -0.4275551031008397 0
    outer loop
      vertex 3.1522409319877625 195.76536686718464 3
      vertex 3.2361574694514275 195.94279347360134 3
      vertex 3.2361574694514275 195.94279347360134 25
    endloop
  endfacet
  facet normal 0.8577286153979926 -0.5141027351876692 0
    outer loop
      vertex 3.2361574694514275 195.94279347360134 3
      vertex 3.337060771882534 196.1111404672265 3
      vertex 3.337060771882534 196.1111404672265 25
    endloop
  endfacet
  facet normal 0.8032075356003306 -0.5956992989376803 0
    outer loop
      vertex 3.337060771882534 196.1111404672265 3
      vertex 3.4539790898561478 196.26878657191992 3
      vertex 3.4539790898561478 196.26878657191992 25
    endloop
  endfacet
  facet normal 0.7409510994850822 -0.671558983390028 0
    outer loop
      vertex 3.4539790898561478 196.26878657191992 3
      vertex 3.5857864394783974 196.4142135605216 3
      vertex 3.5857864394783974 196.4142135605216 25
    endloop
  endfacet
  facet normal 0.671558983390028 -0.7409510994850822 0
    outer loop
      vertex 3.5857864394783974 196.4142135605216 3
      vertex 3.731213428080082 196.54602091014385 3
      vertex 3.731213428080082 196.54602091014385 25
    endloop
  endfacet
  facet normal 0.5956992989376803 -0.8032075356003306 0
    outer loop
      vertex 3.731213428080082 196.54602091014385 3
      vertex 3.8888595327734947 196.66293922811747 3
      vertex 3.8888595327734947 196.66293922811747 25
    endloop
  endfacet
  facet normal 0.5141027351876692 -0.8577286153979926 0
    outer loop
      vertex 3.8888595327734947 196.66293922811747 3
      vertex 4.057206526398659 196.76384253054857 3
      vertex 4.057206526398659 196.76384253054857 25
    endloop
  endfacet
  facet normal 0.4275551031008397 -0.9039892885496102 0
    outer loop
      vertex 4.057206526398659 196.76384253054857 3
      vertex 4.234633132815361 196.84775906801224 3
      vertex 4.234633132815361 196.84775906801224 25
    endloop
  endfacet
  facet normal 0.33688982640476 -0.941544074839288 0
    outer loop
      vertex 4.234633132815361 196.84775906801224 3
      vertex 4.419430643320084 196.91388066858053 3
      vertex 4.419430643320084 196.91388066858053 25
    endloop
  endfacet
  facet normal 0.24298019573678306 -0.9700312492284539 0
    outer loop
      vertex 4.419430643320084 196.91388066858053 3
      vertex 4.6098193526268005 196.96157056093216 3
      vertex 4.6098193526268005 196.96157056093216 25
    endloop
  endfacet
  facet normal 0.14673047607854153 -0.989176509724005 0
    outer loop
      vertex 4.6098193526268005 196.96157056093216 3
      vertex 4.803965717554092 196.99036945402622 3
      vertex 4.803965717554092 196.99036945402622 25
    endloop
  endfacet
  facet normal 0.0490676704157047 -0.9987954563973427 0
    outer loop
      vertex 4.803965717554092 196.99036945402622 3
      vertex 5 197 3
      vertex 5 197 25
    endloop
  endfacet
  facet normal 0 -1 0
    outer loop
      vertex 5 197 3
      vertex 75.33333333333333 197 3
      vertex 75.33333333333333 197 25
    endloop
  endfacet
  facet normal 0 0 1
    outer loop
      vertex 78.33333333333333 3 3
      vertex 150.66666666666666 197 3
      vertex 78.33333333333333 197 3
    endloop
  endfacet
  facet normal 0.9987954563973427 -0.0490676704157047 0
    outer loop
      vertex 3 195 3
      vertex 3.0096305459737778 195.1960342824459 25
      vertex 3 195 25
    endloop
  endfacet
  facet normal 0.989176509724005 -0.14673047607854153 0
    outer loop
      vertex 3.0096305459737778 195.1960342824459 3
      vertex 3.0384294390678406 195.3901806473732 25
      vertex 3.0096305459737778 195.1960342824459 25
    endloop
  endfacet
  facet normal 0.9700312492284539 -0.24298019573678306 0
    outer loop
      vertex 3.0384294390678406 195.3901806473732 3
      vertex 3.086119331419468 195.58056935667992 25
      vertex 3.0384294390678406 195.3901806473732 25
    endloop
  endfacet
  facet normal 0.941544074839288 -0.33688982640476 0
    outer loop
      vertex 3.086119331419468 195.58056935667992 3
      vertex 3.1522409319877625 195.76536686718464 25
      vertex 3.086119331419468 195.58056935667992 25
    endloop
  endfacet
  facet normal 0.9039892885496102 -0.4275551031008397 0
    outer loop
      vertex 3.1522409319877625 195.76536686718464 3
      vertex 3.2361574694514275 195.94279347360134 25
      vertex 3.1522409319877625 195.76536686718464 25
    endloop
  endfacet
  facet normal 0.8577286153979926 -0.5141027351876692 0
    outer loop
      vertex 3.2361574694514275 195.94279347360134 3
      vertex 3.337060771882534 196.1111404672265 25
      vertex 3.2361574694514275 195.94279347360134 25
    endloop
  endfacet
  facet normal 0.8032075356003306 -0.5956992989376803 0
    outer loop
      vertex 3.337060771882534 196.1111404672265 3
      vertex 3.4539790898561478 196.26878657191992 25
      vertex 3.337060771882534 196.1111404672265 25
    endloop
  endfacet
  facet normal 0.7409510994850822 -0.671558983390028 0
    outer loop
      vertex 3.4539790898561478 196.26878657191992 3
      vertex 3.5857864394783974 196.4142135605216 25
      vertex 3.4539790898561478 196.26878657191992 25
    endloop
  endfacet
  facet normal 0.671558983390028 -0.7409510994850822 0
    outer loop
      vertex 3.5857864394783974 196.4142135605216 3
      vertex 3.731213428080082 196.54602091014385 25
      vertex 3.5857864394783974 196.4142135605216 25
    endloop
  endfacet
  facet normal 0.5956992989376803 -0.8032075356003306 0
    outer loop
      vertex 3.731213428080082 196.54602091014385 3
      vertex 3.8888595327734947 196.66293922811747 25
      vertex 3.731213428080082 196.54602091014385 25
    endloop
  endfacet
  facet normal 0.5141027351876692 -0.8577286153979926 0
    outer loop
      vertex 3.8888595327734947 196.66293922811747 3
      vertex 4.057206526398659 196.76384253054857 25
      vertex 3.8888595327734947 196.66293922811747 25
    endloop
  endfacet
  facet normal 0.4275551031008397 -0.9039892885496102 0
    outer loop
      vertex 4.057206526398659 196.76384253054857 3
      vertex 4.234633132815361 196.84775906801224 25
      vertex 4.057206526398659 196.76384253054857 25
    endloop
  endfacet
  facet normal 0.33688982640476 -0.941544074839288 0
    outer loop
      vertex 4.234633132815361 196.84775906801224 3
      vertex 4.419430643320084 196.91388066858053 25
      vertex 4.234633132815361 196.84775906801224 25
    endloop
  endfacet
  facet normal 0.24298019573678306 -0.9700312492284539 0
    outer loop
      vertex 4.419430643320084 196.91388066858053 3
      vertex 4.6098193526268005 196.96157056093216 25
      vertex 4.419430643320084 196.91388066858053 25
    endloop
  endfacet
  facet normal 0.14673047607854153 -0.989176509724005 0
    outer loop
      vertex 4.6098193526268005 196.96157056093216 3
      vertex 4.803965717554092 196.99036945402622 25
      vertex 4.6098193526268005 196.96157056093216 25
    endloop
  endfacet
  facet normal 0.0490676704157047 -0.9987954563973427 0
    outer loop
      vertex 4.803965717554092 196.99036945402622 3
      vertex 5 197 25
      vertex 4.803965717554092 196.99036945402622 25
    endloop
  endfacet
  facet normal 0 -1 0
    outer loop
      vertex 5 197 3
      vertex 75.33333333333333 197 25
      vertex 5 197 25
    endloop
  endfacet
  facet normal 0 -1 0
    outer loop
      vertex 78.33333333333333 197 3
      vertex 150.66666666666666 197 25
      vertex 78.33333333333333 197 25
    endloop
  endfacet
  facet normal 0 1 0
    outer loop
      vertex 78.33333333333333 3 3
      vertex 127.5 3 9
      vertex 150.66666666666666 3 3
    endloop
  endfacet
  facet normal 0 1 0
    outer loop
      vertex 150.66666666666666 3 3
      vertex 127.5 3 9
      vertex 128.08810284197736 3 9.028891639966819
    endloop
  endfacet
  facet normal 0 1 0
    outer loop
      vertex 150.66666666666666 3 3
      vertex 128.08810284197736 3 9.028891639966819
      vertex 128.67054193209677 3 9.115288317580617
    endloop
  endfacet
  facet normal 0 1 0
    outer loop
      vertex 150.66666666666666 3 3
      vertex 128.67054193209677 3 9.115288317580617
      vertex 129.24170806352677 3 9.258357985606747
    endloop
  endfacet
  facet normal 0 1 0
    outer loop
      vertex 150.66666666666666 3 3
      vertex 129.24170806352677 3 9.258357985606747
      vertex 129.79610059419053 3 9.45672280493228
    endloop
  endfacet
  facet normal 0 1 0
    outer loop
      vertex 150.66666666666666 3 3
      vertex 129.79610059419053 3 9.45672280493228
      vertex 130.328380420956 3 9.70847241390987
    endloop
  endfacet
  facet normal 0 1 0
    outer loop
      vertex 150.66666666666666 3 3
      vertex 130.328380420956 3 9.70847241390987
      vertex 130.83342139811762 3 10.011182326184729
    endloop
  endfacet
  facet normal 0 1 0
    outer loop
      vertex 150.66666666666666 3 3
      vertex 130.83342139811762 3 10.011182326184729
      vertex 131.30635970498187 3 10.361937279823579
    endloop
  endfacet
  facet normal 0 1 0
    outer loop
      vertex 150.66666666666666 3 3
      vertex 131.30635970498187 3 10.361937279823579
      vertex 131.7426406871193 3 10.757359312880714
    endloop
  endfacet
  facet normal 0 1 0
    outer loop
      vertex 150.66666666666666 3 3
      vertex 131.7426406871193 3 10.757359312880714
      vertex 132.13806272017644 3 11.193640295018128
    endloop
  endfacet
  facet normal 0 1 0
    outer loop
      vertex 150.66666666666666 3 3
      vertex 132.13806272017644 3 11.193640295018128
      vertex 132.48881767381528 3 11.666578601882387
    endloop
  endfacet
  facet normal 0 1 0
    outer loop
      vertex 150.66666666666666 3 3
      vertex 132.48881767381528 3 11.666578601882387
      vertex 132.79152758609013 3 12.171619579044014
    endloop
  endfacet
  facet normal 0 1 0
    outer loop
      vertex 150.66666666666666 3 3
      vertex 132.79152758609013 3 12.171619579044014
      vertex 133.04327719506773 3 12.703899405809462
    endloop
  endfacet
  facet normal 0 1 0
    outer loop
      vertex 150.66666666666666 3 3
      vertex 133.04327719506773 3 12.703899405809462
      vertex 133.24164201439325 3 13.258291936473226
    endloop
  endfacet
  facet normal 0 0 1
    outer loop
      vertex 78.33333333333333 3 3
      vertex 150.66666666666666 3 3
      vertex 150.66666666666666 197 3
    endloop
  endfacet
  facet normal 0 1 0
    outer loop
      vertex 153.66666666666666 3 3
      vertex 153.66666666666666 3 25
      vertex 224 3 3
    endloop
  endfacet
  facet normal -0.0490676704157047 0.9987954563973427 0
    outer loop
      vertex 224 3 3
      vertex 224 3 25
      vertex 224.1960342824459 3.0096305459737778 3
    endloop
  endfacet
  facet normal -0.14673047607854153 0.989176509724005 0
    outer loop
      vertex 224.1960342824459 3.0096305459737778 3
      vertex 224.1960342824459 3.0096305459737778 25
      vertex 224.3901806473732 3.0384294390678406 3
    endloop
  endfacet
  facet normal -0.24298019573678306 0.9700312492284539 0
    outer loop
      vertex 224.3901806473732 3.0384294390678406 3
      vertex 224.3901806473732 3.0384294390678406 25
      vertex 224.58056935667992 3.086119331419468 3
    endloop
  endfacet
  facet normal -0.33688982640476 0.941544074839288 0
    outer loop
      vertex 224.58056935667992 3.086119331419468 3
      vertex 224.58056935667992 3.086119331419468 25
      vertex 224.76536686718464 3.1522409319877625 3
    endloop
  endfacet
  facet normal -0.4275551031008397 0.9039892885496102 0
    outer loop
      vertex 224.76536686718464 3.1522409319877625 3
      vertex 224.76536686718464 3.1522409319877625 25
      vertex 224.94279347360134 3.2361574694514275 3
    endloop
  endfacet
  facet normal -0.5141027351876692 0.8577286153979926 0
    outer loop
      vertex 224.94279347360134 3.2361574694514275 3
      vertex 224.94279347360134 3.2361574694514275 25
      vertex 225.1111404672265 3.337060771882534 3
    endloop
  endfacet
  facet normal -0.5956992989376803 0.8032075356003306 0
    outer loop
      vertex 225.1111404672265 3.337060771882534 3
      vertex 225.1111404672265 3.337060771882534 25
      vertex 225.26878657191992 3.4539790898561478 3
    endloop
  endfacet
  facet normal -0.671558983390028 0.7409510994850822 0
    outer loop
      vertex 225.26878657191992 3.4539790898561478 3
      vertex 225.26878657191992 3.4539790898561478 25
      vertex 225.4142135605216 3.5857864394783974 3
    endloop
  endfacet
  facet normal -0.7409510994850822 0.671558983390028 0
    outer loop
      vertex 225.4142135605216 3.5857864394783974 3
      vertex 225.4142135605216 3.5857864394783974 25
      vertex 225.54602091014385 3.731213428080082 3
    endloop
  endfacet
  facet normal -0.8032075356003306 0.5956992989376803 0
    outer loop
      vertex 225.54602091014385 3.731213428080082 3
      vertex 225.54602091014385 3.731213428080082 25
      vertex 225.66293922811747 3.8888595327734947 3
    endloop
  endfacet
  facet normal -0.8577286153979926 0.5141027351876692 0
    outer loop
      vertex 225.66293922811747 3.8888595327734947 3
      vertex 225.66293922811747 3.8888595327734947 25
      vertex 225.76384253054857 4.057206526398659 3
    endloop
  endfacet
  facet normal -0.9039892885496102 0.4275551031008397 0
    outer loop
      vertex 225.76384253054857 4.057206526398659 3
      vertex 225.76384253054857 4.057206526398659 25
      vertex 225.84775906801224 4.234633132815361 3
    endloop
  endfacet
  facet normal -0.941544074839288 0.33688982640476 0
    outer loop
      vertex 225.84775906801224 4.234633132815361 3
      vertex 225.84775906801224 4.234633132815361 25
      vertex 225.91388066858053 4.419430643320084 3
    endloop
  endfacet
  facet normal -0.9700312492284539 0.24298019573678306 0
    outer loop
      vertex 225.91388066858053 4.419430643320084 3
      vertex 225.91388066858053 4.419430643320084 25
      vertex 225.96157056093216 4.6098193526268005 3
    endloop
  endfacet
  facet normal -0.989176509724005 0.14673047607854153 0
    outer loop
      vertex 225.96157056093216 4.6098193526268005 3
      vertex 225.96157056093216 4.6098193526268005 25
      vertex 225.99036945402622 4.803965717554092 3
    endloop
  endfacet
  facet normal -0.9987954563973427 0.0490676704157047 0
    outer loop
      vertex 225.99036945402622 4.803965717554092 3
      vertex 225.99036945402622 4.803965717554092 25
      vertex 226 5 3
    endloop
  endfacet
  facet normal 0 0 1
    outer loop
      vertex 153.66666666666666 3 3
      vertex 224 3 3
      vertex 224 197 3
    endloop
  endfacet
  facet normal 0 0 1
    outer loop
      vertex 224 3 3
      vertex 224.1960342824459 3.0096305459737778 3
      vertex 224 197 3
    endloop
  endfacet
  facet normal 0 0 1
    outer loop
      vertex 224.1960342824459 3.0096305459737778 3
      vertex 224.3901806473732 3.0384294390678406 3
      vertex 224.1960342824459 196.99036945402622 3
    endloop
  endfacet
  facet normal 0 0 1
    outer loop
      vertex 224.3901806473732 3.0384294390678406 3
      vertex 224.58056935667992 3.086119331419468 3
      vertex 224.3901806473732 196.96157056093216 3
    endloop
  endfacet
  facet normal 0 0 1
    outer loop
      vertex 224.58056935667992 3.086119331419468 3
      vertex 224.76536686718464 3.1522409319877625 3
      vertex 224.58056935667992 196.91388066858053 3
    endloop
  endfacet
  facet normal 0 0 1
    outer loop
      vertex 224.76536686718464 3.1522409319877625 3
      vertex 224.94279347360134 3.2361574694514275 3
      vertex 224.76536686718464 196.84775906801224 3
    endloop
  endfacet
  facet normal 0 0 1
    outer loop
      vertex 224.94279347360134 3.2361574694514275 3
      vertex 225.1111404672265 3.337060771882534 3
      vertex 224.94279347360134 196.76384253054857 3
    endloop
  endfacet
  facet normal 0 0 1
    outer loop
      vertex 225.1111404672265 3.337060771882534 3
      vertex 225.26878657191992 3.4539790898561478 3
      vertex 225.1111404672265 196.66293922811747 3
    endloop
  endfacet
  facet normal 0 0 1
    outer loop
      vertex 225.26878657191992 3.4539790898561478 3
      vertex 225.4142135605216 3.5857864394783974 3
      vertex 225.26878657191992 196.54602091014385 3
    endloop
  endfacet
  facet normal 0 0 1
    outer loop
      vertex 225.4142135605216 3.5857864394783974 3
      vertex 225.54602091014385 3.731213428080082 3
      vertex 225.4142135605216 196.4142135605216 3
    endloop
  endfacet
  facet normal 0 0 1
    outer loop
      vertex 225.54602091014385 3.731213428080082 3
      vertex 225.66293922811747 3.8888595327734947 3
      vertex 225.54602091014385 196.26878657191992 3
    endloop
  endfacet
  facet normal 0 0 1
    outer loop
      vertex 225.66293922811747 3.8888595327734947 3
      vertex 225.76384253054857 4.057206526398659 3
      vertex 225.66293922811747 196.1111404672265 3
    endloop
  endfacet
  facet normal 0 0 1
    outer loop
      vertex 225.76384253054857 4.057206526398659 3
      vertex 225.84775906801224 4.234633132815361 3
      vertex 225.76384253054857 195.94279347360134 3
    endloop
  endfacet
  facet normal 0 0 1
    outer loop
      vertex 225.84775906801224 4.234633132815361 3
      vertex 225.91388066858053 4.419430643320084 3
      vertex 225.84775906801224 195.76536686718464 3
    endloop
  endfacet
  facet normal 0 0 1
    outer loop
      vertex 225.91388066858053 4.419430643320084 3
      vertex 225.96157056093216 4.6098193526268005 3
      vertex 225.91388066858053 195.58056935667992 3
    endloop
  endfacet
  facet normal 0 0 1
    outer loop
      vertex 225.96157056093216 4.6098193526268005 3
      vertex 225.99036945402622 4.803965717554092 3
      vertex 225.96157056093216 195.3901806473732 3
    endloop
  endfacet
  facet normal 0 0 1
    outer loop
      vertex 225.99036945402622 4.803965717554092 3
      vertex 226 5 3
      vertex 225.99036945402622 195.1960342824459 3
    endloop
  endfacet
  facet normal -1 0 0
    outer loop
      vertex 226 5 3
      vertex 226 5 25
      vertex 226 195 3
    endloop
  endfacet
  facet normal 0 1 0
    outer loop
      vertex 150.66666666666666 3 25
      vertex 133.24164201439325 3 13.258291936473226
      vertex 133.38471168241938 3 13.82945806790323
    endloop
  endfacet
  facet normal 0 1 0
    outer loop
      vertex 150.66666666666666 3 25
      vertex 133.38471168241938 3 13.82945806790323
      vertex 133.47110836003318 3 14.411897158022636
    endloop
  endfacet
  facet normal 0 1 0
    outer loop
      vertex 150.66666666666666 3 25
      vertex 133.47110836003318 3 14.411897158022636
      vertex 133.5 3 15
    endloop
  endfacet
  facet normal 0 1 0
    outer loop
      vertex 150.66666666666666 3 25
      vertex 133.5 3 15
      vertex 133.47110836003318 3 15.588102841977364
    endloop
  endfacet
  facet normal 0 1 0
    outer loop
      vertex 150.66666666666666 3 3
      vertex 133.24164201439325 3 13.258291936473226
      vertex 150.66666666666666 3 25
    endloop
  endfacet
  facet normal 0 1 0
    outer loop
      vertex 150.66666666666666 3 25
      vertex 133.47110836003318 3 15.588102841977364
      vertex 133.38471168241938 3 16.170541932096768
    endloop
  endfacet
  facet normal 0 1 0
    outer loop
      vertex 150.66666666666666 3 25
      vertex 133.38471168241938 3 16.170541932096768
      vertex 133.24164201439325 3 16.741708063526772
    endloop
  endfacet
  facet normal 0 1 0
    outer loop
      vertex 150.66666666666666 3 25
      vertex 133.24164201439325 3 16.741708063526772
      vertex 133.04327719506773 3 17.296100594190538
    endloop
  endfacet
  facet normal 0 1 0
    outer loop
      vertex 150.66666666666666 3 25
      vertex 133.04327719506773 3 17.296100594190538
      vertex 132.79152758609013 3 17.828380420955988
    endloop
  endfacet
  facet normal 0 1 0
    outer loop
      vertex 150.66666666666666 3 25
      vertex 132.79152758609013 3 17.828380420955988
      vertex 132.48881767381528 3 18.333421398117615
    endloop
  endfacet
  facet normal 0 1 0
    outer loop
      vertex 150.66666666666666 3 25
      vertex 132.48881767381528 3 18.333421398117615
      vertex 132.13806272017644 3 18.806359704981872
    endloop
  endfacet
  facet normal 0 1 0
    outer loop
      vertex 150.66666666666666 3 25
      vertex 132.13806272017644 3 18.806359704981872
      vertex 131.7426406871193 3 19.242640687119284
    endloop
  endfacet
  facet normal 0 1 0
    outer loop
      vertex 150.66666666666666 3 25
      vertex 131.7426406871193 3 19.242640687119284
      vertex 131.30635970498187 3 19.63806272017642
    endloop
  endfacet
  facet normal 0 1 0
    outer loop
      vertex 150.66666666666666 3 25
      vertex 131.30635970498187 3 19.63806272017642
      vertex 130.83342139811762 3 19.98881767381527
    endloop
  endfacet
  facet normal 0 1 0
    outer loop
      vertex 150.66666666666666 3 25
      vertex 130.83342139811762 3 19.98881767381527
      vertex 130.328380420956 3 20.29152758609013
    endloop
  endfacet
  facet normal 0 1 0
    outer loop
      vertex 150.66666666666666 3 25
      vertex 127.5 3 21
      vertex 101.5 3 21
    endloop
  endfacet
  facet normal 0 1 0
    outer loop
      vertex 150.66666666666666 3 25
      vertex 128.08810284197736 3 20.97110836003318
      vertex 127.5 3 21
    endloop
  endfacet
  facet normal 0 1 0
    outer loop
      vertex 150.66666666666666 3 25
      vertex 128.67054193209677 3 20.884711682419383
      vertex 128.08810284197736 3 20.97110836003318
    endloop
  endfacet
  facet normal 0 1 0
    outer loop
      vertex 150.66666666666666 3 25
      vertex 130.328380420956 3 20.29152758609013
      vertex 129.79610059419053 3 20.54327719506772
    endloop
  endfacet
  facet normal 0 1 0
    outer loop
      vertex 150.66666666666666 3 25
      vertex 129.79610059419053 3 20.54327719506772
      vertex 129.24170806352677 3 20.741642014393253
    endloop
  endfacet
  facet normal 0 1 0
    outer loop
      vertex 150.66666666666666 3 25
      vertex 129.24170806352677 3 20.741642014393253
      vertex 128.67054193209677 3 20.884711682419383
    endloop
  endfacet
  facet normal 0 1 0
    outer loop
      vertex 224 3 3
      vertex 153.66666666666666 3 25
      vertex 224 3 25
    endloop
  endfacet
  facet normal -0.0490676704157047 0.9987954563973427 0
    outer loop
      vertex 224.1960342824459 3.0096305459737778 3
      vertex 224 3 25
      vertex 224.1960342824459 3.0096305459737778 25
    endloop
  endfacet
  facet normal -0.14673047607854153 0.989176509724005 0
    outer loop
      vertex 224.3901806473732 3.0384294390678406 3
      vertex 224.1960342824459 3.0096305459737778 25
      vertex 224.3901806473732 3.0384294390678406 25
    endloop
  endfacet
  facet normal -0.24298019573678306 0.9700312492284539 0
    outer loop
      vertex 224.58056935667992 3.086119331419468 3
      vertex 224.3901806473732 3.0384294390678406 25
      vertex 224.58056935667992 3.086119331419468 25
    endloop
  endfacet
  facet normal -0.33688982640476 0.941544074839288 0
    outer loop
      vertex 224.76536686718464 3.1522409319877625 3
      vertex 224.58056935667992 3.086119331419468 25
      vertex 224.76536686718464 3.1522409319877625 25
    endloop
  endfacet
  facet normal -0.4275551031008397 0.9039892885496102 0
    outer loop
      vertex 224.94279347360134 3.2361574694514275 3
      vertex 224.76536686718464 3.1522409319877625 25
      vertex 224.94279347360134 3.2361574694514275 25
    endloop
  endfacet
  facet normal -0.5141027351876692 0.8577286153979926 0
    outer loop
      vertex 225.1111404672265 3.337060771882534 3
      vertex 224.94279347360134 3.2361574694514275 25
      vertex 225.1111404672265 3.337060771882534 25
    endloop
  endfacet
  facet normal -0.5956992989376803 0.8032075356003306 0
    outer loop
      vertex 225.26878657191992 3.4539790898561478 3
      vertex 225.1111404672265 3.337060771882534 25
      vertex 225.26878657191992 3.4539790898561478 25
    endloop
  endfacet
  facet normal -0.671558983390028 0.7409510994850822 0
    outer loop
      vertex 225.4142135605216 3.5857864394783974 3
      vertex 225.26878657191992 3.4539790898561478 25
      vertex 225.4142135605216 3.5857864394783974 25
    endloop
  endfacet
  facet normal -0.7409510994850822 0.671558983390028 0
    outer loop
      vertex 225.54602091014385 3.731213428080082 3
      vertex 225.4142135605216 3.5857864394783974 25
      vertex 225.54602091014385 3.731213428080082 25
    endloop
  endfacet
  facet normal -0.8032075356003306 0.5956992989376803 0
    outer loop
      vertex 225.66293922811747 3.8888595327734947 3
      vertex 225.54602091014385 3.731213428080082 25
      vertex 225.66293922811747 3.8888595327734947 25
    endloop
  endfacet
  facet normal -0.8577286153979926 0.5141027351876692 0
    outer loop
      vertex 225.76384253054857 4.057206526398659 3
      vertex 225.66293922811747 3.8888595327734947 25
      vertex 225.76384253054857 4.057206526398659 25
    endloop
  endfacet
  facet normal -0.9039892885496102 0.4275551031008397 0
    outer loop
      vertex 225.84775906801224 4.234633132815361 3
      vertex 225.76384253054857 4.057206526398659 25
      vertex 225.84775906801224 4.234633132815361 25
    endloop
  endfacet
  facet normal -0.941544074839288 0.33688982640476 0
    outer loop
      vertex 225.91388066858053 4.419430643320084 3
      vertex 225.84775906801224 4.234633132815361 25
      vertex 225.91388066858053 4.419430643320084 25
    endloop
  endfacet
  facet normal -0.9700312492284539 0.24298019573678306 0
    outer loop
      vertex 225.96157056093216 4.6098193526268005 3
      vertex 225.91388066858053 4.419430643320084 25
      vertex 225.96157056093216 4.6098193526268005 25
    endloop
  endfacet
  facet normal -0.989176509724005 0.14673047607854153 0
    outer loop
      vertex 225.99036945402622 4.803965717554092 3
      vertex 225.96157056093216 4.6098193526268005 25
      vertex 225.99036945402622 4.803965717554092 25
    endloop
  endfacet
  facet normal -0.9987954563973427 0.0490676704157047 0
    outer loop
      vertex 226 5 3
      vertex 225.99036945402622 4.803965717554092 25
      vertex 226 5 25
    endloop
  endfacet
  facet normal 0 -1 0
    outer loop
      vertex 78.33333333333333 197 3
      vertex 150.66666666666666 197 3
      vertex 150.66666666666666 197 25
    endloop
  endfacet
  facet normal 0 0 1
    outer loop
      vertex 153.66666666666666 3 3
      vertex 224 197 3
      vertex 153.66666666666666 197 3
    endloop
  endfacet
  facet normal 0 0 1
    outer loop
      vertex 224.1960342824459 3.0096305459737778 3
      vertex 224.1960342824459 196.99036945402622 3
      vertex 224 197 3
    endloop
  endfacet
  facet normal 0 0 1
    outer loop
      vertex 224.3901806473732 3.0384294390678406 3
      vertex 224.3901806473732 196.96157056093216 3
      vertex 224.1960342824459 196.99036945402622 3
    endloop
  endfacet
  facet normal 0 0 1
    outer loop
      vertex 224.58056935667992 3.086119331419468 3
      vertex 224.58056935667992 196.91388066858053 3
      vertex 224.3901806473732 196.96157056093216 3
    endloop
  endfacet
  facet normal 0 0 1
    outer loop
      vertex 224.76536686718464 3.1522409319877625 3
      vertex 224.76536686718464 196.84775906801224 3
      vertex 224.58056935667992 196.91388066858053 3
    endloop
  endfacet
  facet normal 0 0 1
    outer loop
      vertex 224.94279347360134 3.2361574694514275 3
      vertex 224.94279347360134 196.76384253054857 3
      vertex 224.76536686718464 196.84775906801224 3
    endloop
  endfacet
  facet normal 0 0 1
    outer loop
      vertex 225.1111404672265 3.337060771882534 3
      vertex 225.1111404672265 196.66293922811747 3
      vertex 224.94279347360134 196.76384253054857 3
    endloop
  endfacet
  facet normal 0 0 1
    outer loop
      vertex 225.4142135605216 3.5857864394783974 3
      vertex 225.4142135605216 196.4142135605216 3
      vertex 225.26878657191992 196.54602091014385 3
    endloop
  endfacet
  facet normal 0 0 1
    outer loop
      vertex 225.26878657191992 3.4539790898561478 3
      vertex 225.26878657191992 196.54602091014385 3
      vertex 225.1111404672265 196.66293922811747 3
    endloop
  endfacet
  facet normal 0 0 1
    outer loop
      vertex 225.84775906801224 4.234633132815361 3
      vertex 225.84775906801224 195.76536686718464 3
      vertex 225.76384253054857 195.94279347360134 3
    endloop
  endfacet
  facet normal 0 0 1
    outer loop
      vertex 225.99036945402622 4.803965717554092 3
      vertex 225.99036945402622 195.1960342824459 3
      vertex 225.96157056093216 195.3901806473732 3
    endloop
  endfacet
  facet normal 0 0 1
    outer loop
      vertex 226 5 3
      vertex 226 195 3
      vertex 225.99036945402622 195.1960342824459 3
    endloop
  endfacet
  facet normal 0 0 1
    outer loop
      vertex 225.91388066858053 4.419430643320084 3
      vertex 225.91388066858053 195.58056935667992 3
      vertex 225.84775906801224 195.76536686718464 3
    endloop
  endfacet
  facet normal 0 0 1
    outer loop
      vertex 225.96157056093216 4.6098193526268005 3
      vertex 225.96157056093216 195.3901806473732 3
      vertex 225.91388066858053 195.58056935667992 3
    endloop
  endfacet
  facet normal 0 0 1
    outer loop
      vertex 225.54602091014385 3.731213428080082 3
      vertex 225.54602091014385 196.26878657191992 3
      vertex 225.4142135605216 196.4142135605216 3
    endloop
  endfacet
  facet normal 0 0 1
    outer loop
      vertex 225.66293922811747 3.8888595327734947 3
      vertex 225.66293922811747 196.1111404672265 3
      vertex 225.54602091014385 196.26878657191992 3
    endloop
  endfacet
  facet normal 0 0 1
    outer loop
      vertex 225.76384253054857 4.057206526398659 3
      vertex 225.76384253054857 195.94279347360134 3
      vertex 225.66293922811747 196.1111404672265 3
    endloop
  endfacet
  facet normal 0 -1 0
    outer loop
      vertex 153.66666666666666 197 3
      vertex 224 197 3
      vertex 224 197 25
    endloop
  endfacet
  facet normal -0.33688982640476 -0.941544074839288 0
    outer loop
      vertex 224.76536686718464 196.84775906801224 3
      vertex 224.76536686718464 196.84775906801224 25
      vertex 224.58056935667992 196.91388066858053 3
    endloop
  endfacet
  facet normal -0.4275551031008397 -0.9039892885496102 0
    outer loop
      vertex 224.76536686718464 196.84775906801224 3
      vertex 224.94279347360134 196.76384253054857 3
      vertex 224.94279347360134 196.76384253054857 25
    endloop
  endfacet
  facet normal -0.671558983390028 -0.7409510994850822 0
    outer loop
      vertex 225.4142135605216 196.4142135605216 3
      vertex 225.4142135605216 196.4142135605216 25
      vertex 225.26878657191992 196.54602091014385 3
    endloop
  endfacet
  facet normal -0.5141027351876692 -0.8577286153979926 0
    outer loop
      vertex 224.94279347360134 196.76384253054857 3
      vertex 225.1111404672265 196.66293922811747 3
      vertex 225.1111404672265 196.66293922811747 25
    endloop
  endfacet
  facet normal -0.5956992989376803 -0.8032075356003306 0
    outer loop
      vertex 225.1111404672265 196.66293922811747 3
      vertex 225.26878657191992 196.54602091014385 3
      vertex 225.26878657191992 196.54602091014385 25
    endloop
  endfacet
  facet normal -0.0490676704157047 -0.9987954563973427 0
    outer loop
      vertex 224 197 3
      vertex 224.1960342824459 196.99036945402622 3
      vertex 224.1960342824459 196.99036945402622 25
    endloop
  endfacet
  facet normal -0.14673047607854153 -0.989176509724005 0
    outer loop
      vertex 224.1960342824459 196.99036945402622 3
      vertex 224.3901806473732 196.96157056093216 3
      vertex 224.3901806473732 196.96157056093216 25
    endloop
  endfacet
  facet normal -0.24298019573678306 -0.9700312492284539 0
    outer loop
      vertex 224.3901806473732 196.96157056093216 3
      vertex 224.58056935667992 196.91388066858053 3
      vertex 224.58056935667992 196.91388066858053 25
    endloop
  endfacet
  facet normal -0.9987954563973427 -0.0490676704157047 0
    outer loop
      vertex 226 195 3
      vertex 226 195 25
      vertex 225.99036945402622 195.1960342824459 3
    endloop
  endfacet
  facet normal -0.989176509724005 -0.14673047607854153 0
    outer loop
      vertex 225.99036945402622 195.1960342824459 3
      vertex 225.99036945402622 195.1960342824459 25
      vertex 225.96157056093216 195.3901806473732 3
    endloop
  endfacet
  facet normal -0.9039892885496102 -0.4275551031008397 0
    outer loop
      vertex 225.84775906801224 195.76536686718464 3
      vertex 225.84775906801224 195.76536686718464 25
      vertex 225.76384253054857 195.94279347360134 3
    endloop
  endfacet
  facet normal -0.8577286153979926 -0.5141027351876692 0
    outer loop
      vertex 225.76384253054857 195.94279347360134 3
      vertex 225.76384253054857 195.94279347360134 25
      vertex 225.66293922811747 196.1111404672265 3
    endloop
  endfacet
  facet normal -0.9700312492284539 -0.24298019573678306 0
    outer loop
      vertex 225.96157056093216 195.3901806473732 3
      vertex 225.96157056093216 195.3901806473732 25
      vertex 225.91388066858053 195.58056935667992 3
    endloop
  endfacet
  facet normal -0.941544074839288 -0.33688982640476 0
    outer loop
      vertex 225.84775906801224 195.76536686718464 3
      vertex 225.91388066858053 195.58056935667992 3
      vertex 225.91388066858053 195.58056935667992 25
    endloop
  endfacet
  facet normal -0.8032075356003306 -0.5956992989376803 0
    outer loop
      vertex 225.54602091014385 196.26878657191992 3
      vertex 225.66293922811747 196.1111404672265 3
      vertex 225.66293922811747 196.1111404672265 25
    endloop
  endfacet
  facet normal -0.7409510994850822 -0.671558983390028 0
    outer loop
      vertex 225.4142135605216 196.4142135605216 3
      vertex 225.54602091014385 196.26878657191992 3
      vertex 225.54602091014385 196.26878657191992 25
    endloop
  endfacet
  facet normal -1 0 0
    outer loop
      vertex 226 5 25
      vertex 226 195 25
      vertex 226 195 3
    endloop
  endfacet
  facet normal 0 -1 0
    outer loop
      vertex 153.66666666666666 197 3
      vertex 224 197 25
      vertex 153.66666666666666 197 25
    endloop
  endfacet
  facet normal -0.4275551031008397 -0.9039892885496102 0
    outer loop
      vertex 224.76536686718464 196.84775906801224 3
      vertex 224.94279347360134 196.76384253054857 25
      vertex 224.76536686718464 196.84775906801224 25
    endloop
  endfacet
  facet normal -0.5956992989376803 -0.8032075356003306 0
    outer loop
      vertex 225.1111404672265 196.66293922811747 3
      vertex 225.26878657191992 196.54602091014385 25
      vertex 225.1111404672265 196.66293922811747 25
    endloop
  endfacet
  facet normal -0.5141027351876692 -0.8577286153979926 0
    outer loop
      vertex 224.94279347360134 196.76384253054857 3
      vertex 225.1111404672265 196.66293922811747 25
      vertex 224.94279347360134 196.76384253054857 25
    endloop
  endfacet
  facet normal -0.671558983390028 -0.7409510994850822 0
    outer loop
      vertex 225.26878657191992 196.54602091014385 3
      vertex 225.4142135605216 196.4142135605216 25
      vertex 225.26878657191992 196.54602091014385 25
    endloop
  endfacet
  facet normal -0.0490676704157047 -0.9987954563973427 0
    outer loop
      vertex 224 197 3
      vertex 224.1960342824459 196.99036945402622 25
      vertex 224 197 25
    endloop
  endfacet
  facet normal -0.14673047607854153 -0.989176509724005 0
    outer loop
      vertex 224.1960342824459 196.99036945402622 3
      vertex 224.3901806473732 196.96157056093216 25
      vertex 224.1960342824459 196.99036945402622 25
    endloop
  endfacet
  facet normal -0.24298019573678306 -0.9700312492284539 0
    outer loop
      vertex 224.3901806473732 196.96157056093216 3
      vertex 224.58056935667992 196.91388066858053 25
      vertex 224.3901806473732 196.96157056093216 25
    endloop
  endfacet
  facet normal -0.33688982640476 -0.941544074839288 0
    outer loop
      vertex 224.58056935667992 196.91388066858053 3
      vertex 224.76536686718464 196.84775906801224 25
      vertex 224.58056935667992 196.91388066858053 25
    endloop
  endfacet
  facet normal -0.9987954563973427 -0.0490676704157047 0
    outer loop
      vertex 225.99036945402622 195.1960342824459 3
      vertex 226 195 25
      vertex 225.99036945402622 195.1960342824459 25
    endloop
  endfacet
  facet normal -0.9039892885496102 -0.4275551031008397 0
    outer loop
      vertex 225.76384253054857 195.94279347360134 3
      vertex 225.84775906801224 195.76536686718464 25
      vertex 225.76384253054857 195.94279347360134 25
    endloop
  endfacet
  facet normal -0.8577286153979926 -0.5141027351876692 0
    outer loop
      vertex 225.66293922811747 196.1111404672265 3
      vertex 225.76384253054857 195.94279347360134 25
      vertex 225.66293922811747 196.1111404672265 25
    endloop
  endfacet
  facet normal -0.989176509724005 -0.14673047607854153 0
    outer loop
      vertex 225.96157056093216 195.3901806473732 3
      vertex 225.99036945402622 195.1960342824459 25
      vertex 225.96157056093216 195.3901806473732 25
    endloop
  endfacet
  facet normal -0.9700312492284539 -0.24298019573678306 0
    outer loop
      vertex 225.91388066858053 195.58056935667992 3
      vertex 225.96157056093216 195.3901806473732 25
      vertex 225.91388066858053 195.58056935667992 25
    endloop
  endfacet
  facet normal -0.941544074839288 -0.33688982640476 0
    outer loop
      vertex 225.84775906801224 195.76536686718464 3
      vertex 225.91388066858053 195.58056935667992 25
      vertex 225.84775906801224 195.76536686718464 25
    endloop
  endfacet
  facet normal -0.8032075356003306 -0.5956992989376803 0
    outer loop
      vertex 225.54602091014385 196.26878657191992 3
      vertex 225.66293922811747 196.1111404672265 25
      vertex 225.54602091014385 196.26878657191992 25
    endloop
  endfacet
  facet normal -0.7409510994850822 -0.671558983390028 0
    outer loop
      vertex 225.4142135605216 196.4142135605216 3
      vertex 225.54602091014385 196.26878657191992 25
      vertex 225.4142135605216 196.4142135605216 25
    endloop
  endfacet
  facet normal 1 0 0
    outer loop
      vertex 78.33333333333333 3 3
      vertex 78.33333333333333 197 3
      vertex 78.33333333333333 3 25
    endloop
  endfacet
  facet normal -1 0 0
    outer loop
      vertex 75.33333333333333 3 3
      vertex 75.33333333333333 3 25
      vertex 75.33333333333333 197 25
    endloop
  endfacet
  facet normal 0 0 1
    outer loop
      vertex 75.33333333333333 3 25
      vertex 78.33333333333333 3 25
      vertex 75.33333333333333 197 25
    endloop
  endfacet
  facet normal -1 0 0
    outer loop
      vertex 75.33333333333333 3 3
      vertex 75.33333333333333 197 25
      vertex 75.33333333333333 197 3
    endloop
  endfacet
  facet normal 1 0 0
    outer loop
      vertex 78.33333333333333 3 25
      vertex 78.33333333333333 197 3
      vertex 78.33333333333333 197 25
    endloop
  endfacet
  facet normal 0 0 1
    outer loop
      vertex 78.33333333333333 3 25
      vertex 78.33333333333333 197 25
      vertex 75.33333333333333 197 25
    endloop
  endfacet
  facet normal 1 0 0
    outer loop
      vertex 153.66666666666666 3 3
      vertex 153.66666666666666 197 3
      vertex 153.66666666666666 3 25
    endloop
  endfacet
  facet normal -1 0 0
    outer loop
      vertex 150.66666666666666 3 3
      vertex 150.66666666666666 3 25
      vertex 150.66666666666666 197 25
    endloop
  endfacet
  facet normal 0 0 1
    outer loop
      vertex 150.66666666666666 3 25
      vertex 153.66666666666666 3 25
      vertex 150.66666666666666 197 25
    endloop
  endfacet
  facet normal -1 0 0
    outer loop
      vertex 150.66666666666666 3 3
      vertex 150.66666666666666 197 25
      vertex 150.66666666666666 197 3
    endloop
  endfacet
  facet normal 1 0 0
    outer loop
      vertex 153.66666666666666 3 25
      vertex 153.66666666666666 197 3
      vertex 153.66666666666666 197 25
    endloop
  endfacet
  facet normal 0 0 1
    outer loop
      vertex 153.66666666666666 3 25
      vertex 153.66666666666666 197 25
      vertex 150.66666666666666 197 25
    endloop
  endfacet
  facet normal 0.24298017990326343 0 0.9700312531945441
    outer loop
      vertex 99.75829193647323 0 9.258357985606747
      vertex 100.32945806790323 0 9.115288317580617
      vertex 100.32945806790323 3 9.115288317580617
    endloop
  endfacet
  facet normal 0.33688985339222255 0 0.9415440651830198
    outer loop
      vertex 99.20389940580947 0 9.45672280493228
      vertex 99.75829193647323 0 9.258357985606747
      vertex 99.75829193647323 3 9.258357985606747
    endloop
  endfacet
  facet normal 0.24298017990326343 0 0.9700312531945441
    outer loop
      vertex 99.75829193647323 0 9.258357985606747
      vertex 100.32945806790323 3 9.115288317580617
      vertex 99.75829193647323 3 9.258357985606747
    endloop
  endfacet
  facet normal 0.14673047445536117 0 0.9891765099647811
    outer loop
      vertex 100.32945806790323 0 9.115288317580617
      vertex 100.91189715802264 0 9.028891639966819
      vertex 100.91189715802264 3 9.028891639966819
    endloop
  endfacet
  facet normal 0.04906767432741864 0 0.9987954562051724
    outer loop
      vertex 100.91189715802264 0 9.028891639966819
      vertex 101.5 0 9
      vertex 101.5 3 9
    endloop
  endfacet
  facet normal 0.14673047445536117 0 0.9891765099647811
    outer loop
      vertex 100.32945806790323 0 9.115288317580617
      vertex 100.91189715802264 3 9.028891639966819
      vertex 100.32945806790323 3 9.115288317580617
    endloop
  endfacet
  facet normal 0.04906767432741864 0 0.9987954562051724
    outer loop
      vertex 100.91189715802264 0 9.028891639966819
      vertex 101.5 3 9
      vertex 100.91189715802264 3 9.028891639966819
    endloop
  endfacet
  facet normal 0 0 1
    outer loop
      vertex 101.5 0 9
      vertex 127.5 3 9
      vertex 101.5 3 9
    endloop
  endfacet
  facet normal 0.42755509343028275 0 0.9039892931234431
    outer loop
      vertex 98.67161957904402 0 9.70847241390987
      vertex 99.20389940580947 0 9.45672280493228
      vertex 99.20389940580947 3 9.45672280493228
    endloop
  endfacet
  facet normal 0.33688985339222255 0 0.9415440651830198
    outer loop
      vertex 99.20389940580947 0 9.45672280493228
      vertex 99.75829193647323 3 9.258357985606747
      vertex 99.20389940580947 3 9.45672280493228
    endloop
  endfacet
  facet normal 0.42755509343028275 0 0.9039892931234431
    outer loop
      vertex 98.67161957904402 0 9.70847241390987
      vertex 99.20389940580947 3 9.45672280493228
      vertex 98.67161957904402 3 9.70847241390987
    endloop
  endfacet
  facet normal 0.595699304492441 0 0.8032075314806392
    outer loop
      vertex 98.16657860188238 0 10.011182326184729
      vertex 98.16657860188238 3 10.011182326184729
      vertex 97.69364029501813 0 10.361937279823579
    endloop
  endfacet
  facet normal 0.5141027441932108 0 0.8577286100002787
    outer loop
      vertex 98.16657860188238 0 10.011182326184729
      vertex 98.67161957904402 3 9.70847241390987
      vertex 98.16657860188238 3 10.011182326184729
    endloop
  endfacet
  facet normal 0.5141027441932108 0 0.8577286100002787
    outer loop
      vertex 98.67161957904402 0 9.70847241390987
      vertex 98.67161957904402 3 9.70847241390987
      vertex 98.16657860188238 0 10.011182326184729
    endloop
  endfacet
  facet normal 0.6715589548470121 0 0.7409511253549648
    outer loop
      vertex 97.69364029501813 0 10.361937279823579
      vertex 97.69364029501813 3 10.361937279823579
      vertex 97.25735931288071 0 10.757359312880714
    endloop
  endfacet
  facet normal 0.595699304492441 0 0.8032075314806392
    outer loop
      vertex 97.69364029501813 0 10.361937279823579
      vertex 98.16657860188238 3 10.011182326184729
      vertex 97.69364029501813 3 10.361937279823579
    endloop
  endfacet
  facet normal 0.7409511253549652 0 0.6715589548470117
    outer loop
      vertex 97.25735931288071 0 10.757359312880714
      vertex 97.25735931288071 3 10.757359312880714
      vertex 96.86193727982358 0 11.193640295018128
    endloop
  endfacet
  facet normal 0.6715589548470121 0 0.7409511253549648
    outer loop
      vertex 97.25735931288071 0 10.757359312880714
      vertex 97.69364029501813 3 10.361937279823579
      vertex 97.25735931288071 3 10.757359312880714
    endloop
  endfacet
  facet normal 0.7409511253549652 0 0.6715589548470117
    outer loop
      vertex 96.86193727982358 0 11.193640295018128
      vertex 97.25735931288071 3 10.757359312880714
      vertex 96.86193727982358 3 11.193640295018128
    endloop
  endfacet
  facet normal 0.8032075314806403 0 0.5956993044924397
    outer loop
      vertex 96.86193727982358 0 11.193640295018128
      vertex 96.86193727982358 3 11.193640295018128
      vertex 96.51118232618472 0 11.666578601882387
    endloop
  endfacet
  facet normal 0.8032075314806403 0 0.5956993044924397
    outer loop
      vertex 96.51118232618472 0 11.666578601882387
      vertex 96.86193727982358 3 11.193640295018128
      vertex 96.51118232618472 3 11.666578601882387
    endloop
  endfacet
  facet normal 0.8577286100002789 0 0.5141027441932103
    outer loop
      vertex 96.51118232618472 0 11.666578601882387
      vertex 96.51118232618472 3 11.666578601882387
      vertex 96.20847241390987 0 12.171619579044014
    endloop
  endfacet
  facet normal 0.8577286100002789 0 0.5141027441932103
    outer loop
      vertex 96.20847241390987 0 12.171619579044014
      vertex 96.51118232618472 3 11.666578601882387
      vertex 96.20847241390987 3 12.171619579044014
    endloop
  endfacet
  facet normal 0.9039892931234434 0 0.42755509343028153
    outer loop
      vertex 96.20847241390987 0 12.171619579044014
      vertex 96.20847241390987 3 12.171619579044014
      vertex 95.95672280493228 0 12.703899405809462
    endloop
  endfacet
  facet normal 0.9415440651830201 0 0.3368898533922216
    outer loop
      vertex 95.75835798560675 0 13.258291936473226
      vertex 95.95672280493228 0 12.703899405809462
      vertex 95.95672280493228 3 12.703899405809462
    endloop
  endfacet
  facet normal 0.9039892931234434 0 0.42755509343028153
    outer loop
      vertex 95.95672280493228 0 12.703899405809462
      vertex 96.20847241390987 3 12.171619579044014
      vertex 95.95672280493228 3 12.703899405809462
    endloop
  endfacet
  facet normal 0.9415440651830201 0 0.3368898533922216
    outer loop
      vertex 95.75835798560675 0 13.258291936473226
      vertex 95.95672280493228 3 12.703899405809462
      vertex 95.75835798560675 3 13.258291936473226
    endloop
  endfacet
  facet normal 0.9700312531945441 0 0.24298017990326343
    outer loop
      vertex 95.61528831758062 0 13.82945806790323
      vertex 95.75835798560675 0 13.258291936473226
      vertex 95.75835798560675 3 13.258291936473226
    endloop
  endfacet
  facet normal 0.9700312531945441 0 0.24298017990326343
    outer loop
      vertex 95.61528831758062 0 13.82945806790323
      vertex 95.75835798560675 3 13.258291936473226
      vertex 95.61528831758062 3 13.82945806790323
    endloop
  endfacet
  facet normal 0.9891765099647792 0 0.1467304744553734
    outer loop
      vertex 95.61528831758062 0 13.82945806790323
      vertex 95.61528831758062 3 13.82945806790323
      vertex 95.52889163996682 0 14.411897158022636
    endloop
  endfacet
  facet normal 0.9891765099647792 0 0.1467304744553734
    outer loop
      vertex 95.52889163996682 0 14.411897158022636
      vertex 95.61528831758062 3 13.82945806790323
      vertex 95.52889163996682 3 14.411897158022636
    endloop
  endfacet
  facet normal 0.9987954562051726 0 0.049067674327412325
    outer loop
      vertex 95.52889163996682 0 14.411897158022636
      vertex 95.52889163996682 3 14.411897158022636
      vertex 95.5 0 15
    endloop
  endfacet
  facet normal 0.9987954562051726 0 0.049067674327412325
    outer loop
      vertex 95.5 3 15
      vertex 95.5 0 15
      vertex 95.52889163996682 3 14.411897158022636
    endloop
  endfacet
  facet normal 0.9987954562051726 0 -0.049067674327412325
    outer loop
      vertex 95.5 0 15
      vertex 95.5 3 15
      vertex 95.52889163996682 0 15.588102841977364
    endloop
  endfacet
  facet normal 0.9987954562051726 0 -0.049067674327412325
    outer loop
      vertex 95.5 3 15
      vertex 95.52889163996682 3 15.588102841977364
      vertex 95.52889163996682 0 15.588102841977364
    endloop
  endfacet
  facet normal 0.9891765099647791 0 -0.14673047445537385
    outer loop
      vertex 95.52889163996682 3 15.588102841977364
      vertex 95.61528831758062 0 16.170541932096768
      vertex 95.52889163996682 0 15.588102841977364
    endloop
  endfacet
  facet normal 0.9891765099647791 0 -0.14673047445537385
    outer loop
      vertex 95.61528831758062 3 16.170541932096768
      vertex 95.61528831758062 0 16.170541932096768
      vertex 95.52889163996682 3 15.588102841977364
    endloop
  endfacet
  facet normal 0.9700312531945441 0 -0.24298017990326343
    outer loop
      vertex 95.61528831758062 0 16.170541932096768
      vertex 95.61528831758062 3 16.170541932096768
      vertex 95.75835798560675 0 16.741708063526772
    endloop
  endfacet
  facet normal 0.9700312531945441 0 -0.24298017990326343
    outer loop
      vertex 95.61528831758062 3 16.170541932096768
      vertex 95.75835798560675 3 16.741708063526772
      vertex 95.75835798560675 0 16.741708063526772
    endloop
  endfacet
  facet normal 0.9415440651830206 0 -0.33688985339222066
    outer loop
      vertex 95.75835798560675 3 16.741708063526772
      vertex 95.95672280493228 0 17.296100594190538
      vertex 95.75835798560675 0 16.741708063526772
    endloop
  endfacet
  facet normal 0.9415440651830206 0 -0.33688985339222066
    outer loop
      vertex 95.95672280493228 3 17.296100594190538
      vertex 95.95672280493228 0 17.296100594190538
      vertex 95.75835798560675 3 16.741708063526772
    endloop
  endfacet
  facet normal 0.9039892931234441 0 -0.42755509343028036
    outer loop
      vertex 95.95672280493228 0 17.296100594190538
      vertex 95.95672280493228 3 17.296100594190538
      vertex 96.20847241390987 0 17.828380420955988
    endloop
  endfacet
  facet normal 0.9039892931234441 0 -0.42755509343028036
    outer loop
      vertex 95.95672280493228 3 17.296100594190538
      vertex 96.20847241390987 3 17.828380420955988
      vertex 96.20847241390987 0 17.828380420955988
    endloop
  endfacet
  facet normal 0.8577286100002789 0 -0.5141027441932103
    outer loop
      vertex 96.20847241390987 3 17.828380420955988
      vertex 96.51118232618472 0 18.333421398117615
      vertex 96.20847241390987 0 17.828380420955988
    endloop
  endfacet
  facet normal 0.8577286100002789 0 -0.5141027441932103
    outer loop
      vertex 96.51118232618472 3 18.333421398117615
      vertex 96.51118232618472 0 18.333421398117615
      vertex 96.20847241390987 3 17.828380420955988
    endloop
  endfacet
  facet normal 0.8032075314806393 0 -0.5956993044924411
    outer loop
      vertex 96.51118232618472 0 18.333421398117615
      vertex 96.51118232618472 3 18.333421398117615
      vertex 96.86193727982358 0 18.806359704981872
    endloop
  endfacet
  facet normal 0.8032075314806393 0 -0.5956993044924411
    outer loop
      vertex 96.51118232618472 3 18.333421398117615
      vertex 96.86193727982358 3 18.806359704981872
      vertex 96.86193727982358 0 18.806359704981872
    endloop
  endfacet
  facet normal 0.7409511253549638 0 -0.6715589548470131
    outer loop
      vertex 96.86193727982358 3 18.806359704981872
      vertex 97.25735931288071 0 19.242640687119284
      vertex 96.86193727982358 0 18.806359704981872
    endloop
  endfacet
  facet normal 0.7409511253549638 0 -0.6715589548470131
    outer loop
      vertex 97.25735931288071 3 19.242640687119284
      vertex 97.25735931288071 0 19.242640687119284
      vertex 96.86193727982358 3 18.806359704981872
    endloop
  endfacet
  facet normal 0.6715589548470138 0 -0.7409511253549633
    outer loop
      vertex 97.25735931288071 3 19.242640687119284
      vertex 97.69364029501813 0 19.63806272017642
      vertex 97.25735931288071 0 19.242640687119284
    endloop
  endfacet
  facet normal 0.6715589548470138 0 -0.7409511253549633
    outer loop
      vertex 97.69364029501813 3 19.63806272017642
      vertex 97.69364029501813 0 19.63806272017642
      vertex 97.25735931288071 3 19.242640687119284
    endloop
  endfacet
  facet normal 0.5956993044924391 0 -0.8032075314806407
    outer loop
      vertex 97.69364029501813 0 19.63806272017642
      vertex 97.69364029501813 3 19.63806272017642
      vertex 98.16657860188238 0 19.98881767381527
    endloop
  endfacet
  facet normal 0.5956993044924391 0 -0.8032075314806407
    outer loop
      vertex 97.69364029501813 3 19.63806272017642
      vertex 98.16657860188238 3 19.98881767381527
      vertex 98.16657860188238 0 19.98881767381527
    endloop
  endfacet
  facet normal 0.514102744193213 0 -0.8577286100002772
    outer loop
      vertex 98.16657860188238 3 19.98881767381527
      vertex 98.67161957904402 0 20.29152758609013
      vertex 98.16657860188238 0 19.98881767381527
    endloop
  endfacet
  facet normal 0.514102744193213 0 -0.8577286100002772
    outer loop
      vertex 98.67161957904402 3 20.29152758609013
      vertex 98.67161957904402 0 20.29152758609013
      vertex 98.16657860188238 3 19.98881767381527
    endloop
  endfacet
  facet normal 0.42755509343028275 0 -0.9039892931234431
    outer loop
      vertex 98.67161957904402 0 20.29152758609013
      vertex 98.67161957904402 3 20.29152758609013
      vertex 99.20389940580947 0 20.54327719506772
    endloop
  endfacet
  facet normal 0.33688985339222255 0 -0.9415440651830198
    outer loop
      vertex 99.20389940580947 3 20.54327719506772
      vertex 99.75829193647323 0 20.741642014393253
      vertex 99.20389940580947 0 20.54327719506772
    endloop
  endfacet
  facet normal 0.42755509343028275 0 -0.9039892931234431
    outer loop
      vertex 98.67161957904402 3 20.29152758609013
      vertex 99.20389940580947 3 20.54327719506772
      vertex 99.20389940580947 0 20.54327719506772
    endloop
  endfacet
  facet normal 0.33688985339222255 0 -0.9415440651830198
    outer loop
      vertex 99.20389940580947 3 20.54327719506772
      vertex 99.75829193647323 3 20.741642014393253
      vertex 99.75829193647323 0 20.741642014393253
    endloop
  endfacet
  facet normal 0.24298017990326343 0 -0.9700312531945441
    outer loop
      vertex 99.75829193647323 3 20.741642014393253
      vertex 100.32945806790323 0 20.884711682419383
      vertex 99.75829193647323 0 20.741642014393253
    endloop
  endfacet
  facet normal 0.24298017990326343 0 -0.9700312531945441
    outer loop
      vertex 100.32945806790323 3 20.884711682419383
      vertex 100.32945806790323 0 20.884711682419383
      vertex 99.75829193647323 3 20.741642014393253
    endloop
  endfacet
  facet normal 0.14673047445536117 0 -0.9891765099647811
    outer loop
      vertex 100.32945806790323 0 20.884711682419383
      vertex 100.32945806790323 3 20.884711682419383
      vertex 100.91189715802264 0 20.97110836003318
    endloop
  endfacet
  facet normal 0.04906767432741864 0 -0.9987954562051724
    outer loop
      vertex 100.91189715802264 3 20.97110836003318
      vertex 101.5 0 21
      vertex 100.91189715802264 0 20.97110836003318
    endloop
  endfacet
  facet normal 0.14673047445536117 0 -0.9891765099647811
    outer loop
      vertex 100.32945806790323 3 20.884711682419383
      vertex 100.91189715802264 3 20.97110836003318
      vertex 100.91189715802264 0 20.97110836003318
    endloop
  endfacet
  facet normal 0.04906767432741864 0 -0.9987954562051724
    outer loop
      vertex 101.5 3 21
      vertex 101.5 0 21
      vertex 100.91189715802264 3 20.97110836003318
    endloop
  endfacet
  facet normal 0 0 -1
    outer loop
      vertex 101.5 3 21
      vertex 127.5 0 21
      vertex 101.5 0 21
    endloop
  endfacet
  facet normal 0 0 1
    outer loop
      vertex 101.5 0 9
      vertex 127.5 0 9
      vertex 127.5 3 9
    endloop
  endfacet
  facet normal -0.04906767432741864 0 0.9987954562051724
    outer loop
      vertex 127.5 0 9
      vertex 128.08810284197736 0 9.028891639966819
      vertex 128.08810284197736 3 9.028891639966819
    endloop
  endfacet
  facet normal -0.14673047445536117 0 0.9891765099647811
    outer loop
      vertex 128.08810284197736 0 9.028891639966819
      vertex 128.67054193209677 0 9.115288317580617
      vertex 128.67054193209677 3 9.115288317580617
    endloop
  endfacet
  facet normal -0.04906767432741864 0 0.9987954562051724
    outer loop
      vertex 127.5 0 9
      vertex 128.08810284197736 3 9.028891639966819
      vertex 127.5 3 9
    endloop
  endfacet
  facet normal -0.14673047445536117 0 0.9891765099647811
    outer loop
      vertex 128.08810284197736 0 9.028891639966819
      vertex 128.67054193209677 3 9.115288317580617
      vertex 128.08810284197736 3 9.028891639966819
    endloop
  endfacet
  facet normal -0.24298017990326343 0 0.9700312531945441
    outer loop
      vertex 129.24170806352677 0 9.258357985606747
      vertex 129.24170806352677 3 9.258357985606747
      vertex 128.67054193209677 0 9.115288317580617
    endloop
  endfacet
  facet normal -0.24298017990326343 0 0.9700312531945441
    outer loop
      vertex 128.67054193209677 0 9.115288317580617
      vertex 129.24170806352677 3 9.258357985606747
      vertex 128.67054193209677 3 9.115288317580617
    endloop
  endfacet
  facet normal -0.33688985339222255 0 0.9415440651830198
    outer loop
      vertex 129.24170806352677 0 9.258357985606747
      vertex 129.79610059419053 3 9.45672280493228
      vertex 129.24170806352677 3 9.258357985606747
    endloop
  endfacet
  facet normal -0.33688985339222255 0 0.9415440651830198
    outer loop
      vertex 129.24170806352677 0 9.258357985606747
      vertex 129.79610059419053 0 9.45672280493228
      vertex 129.79610059419053 3 9.45672280493228
    endloop
  endfacet
  facet normal -0.4275550934302734 0 0.9039892931234474
    outer loop
      vertex 129.79610059419053 0 9.45672280493228
      vertex 130.328380420956 0 9.70847241390987
      vertex 130.328380420956 3 9.70847241390987
    endloop
  endfacet
  facet normal -0.4275550934302734 0 0.9039892931234474
    outer loop
      vertex 129.79610059419053 0 9.45672280493228
      vertex 130.328380420956 3 9.70847241390987
      vertex 129.79610059419053 3 9.45672280493228
    endloop
  endfacet
  facet normal -0.5141027441932214 0 0.8577286100002723
    outer loop
      vertex 130.328380420956 0 9.70847241390987
      vertex 130.83342139811762 3 10.011182326184729
      vertex 130.328380420956 3 9.70847241390987
    endloop
  endfacet
  facet normal -0.5141027441932214 0 0.8577286100002723
    outer loop
      vertex 130.328380420956 0 9.70847241390987
      vertex 130.83342139811762 0 10.011182326184729
      vertex 130.83342139811762 3 10.011182326184729
    endloop
  endfacet
  facet normal -0.595699304492441 0 0.8032075314806392
    outer loop
      vertex 130.83342139811762 0 10.011182326184729
      vertex 131.30635970498187 3 10.361937279823579
      vertex 130.83342139811762 3 10.011182326184729
    endloop
  endfacet
  facet normal -0.595699304492441 0 0.8032075314806392
    outer loop
      vertex 130.83342139811762 0 10.011182326184729
      vertex 131.30635970498187 0 10.361937279823579
      vertex 131.30635970498187 3 10.361937279823579
    endloop
  endfacet
  facet normal -0.6715589548470121 0 0.7409511253549648
    outer loop
      vertex 131.30635970498187 0 10.361937279823579
      vertex 131.7426406871193 3 10.757359312880714
      vertex 131.30635970498187 3 10.361937279823579
    endloop
  endfacet
  facet normal -0.6715589548470121 0 0.7409511253549648
    outer loop
      vertex 131.30635970498187 0 10.361937279823579
      vertex 131.7426406871193 0 10.757359312880714
      vertex 131.7426406871193 3 10.757359312880714
    endloop
  endfacet
  facet normal -0.7409511253549532 0 0.6715589548470249
    outer loop
      vertex 132.13806272017644 3 11.193640295018128
      vertex 131.7426406871193 3 10.757359312880714
      vertex 131.7426406871193 0 10.757359312880714
    endloop
  endfacet
  facet normal -0.7409511253549532 0 0.6715589548470249
    outer loop
      vertex 132.13806272017644 3 11.193640295018128
      vertex 131.7426406871193 0 10.757359312880714
      vertex 132.13806272017644 0 11.193640295018128
    endloop
  endfacet
  facet normal -0.8032075314806518 0 0.5956993044924241
    outer loop
      vertex 132.48881767381528 3 11.666578601882387
      vertex 132.13806272017644 0 11.193640295018128
      vertex 132.48881767381528 0 11.666578601882387
    endloop
  endfacet
  facet normal -0.8032075314806518 0 0.5956993044924241
    outer loop
      vertex 132.13806272017644 3 11.193640295018128
      vertex 132.13806272017644 0 11.193640295018128
      vertex 132.48881767381528 3 11.666578601882387
    endloop
  endfacet
  facet normal -0.8577286100002789 0 0.5141027441932103
    outer loop
      vertex 132.48881767381528 0 11.666578601882387
      vertex 132.79152758609013 0 12.171619579044014
      vertex 132.79152758609013 3 12.171619579044014
    endloop
  endfacet
  facet normal -0.8577286100002789 0 0.5141027441932103
    outer loop
      vertex 132.48881767381528 3 11.666578601882387
      vertex 132.48881767381528 0 11.666578601882387
      vertex 132.79152758609013 3 12.171619579044014
    endloop
  endfacet
  facet normal -0.9039892931234342 0 0.4275550934303013
    outer loop
      vertex 133.04327719506773 3 12.703899405809462
      vertex 132.79152758609013 3 12.171619579044014
      vertex 132.79152758609013 0 12.171619579044014
    endloop
  endfacet
  facet normal -0.9039892931234342 0 0.4275550934303013
    outer loop
      vertex 133.04327719506773 3 12.703899405809462
      vertex 132.79152758609013 0 12.171619579044014
      vertex 133.04327719506773 0 12.703899405809462
    endloop
  endfacet
  facet normal -0.9415440651830279 0 0.33688985339220023
    outer loop
      vertex 133.04327719506773 3 12.703899405809462
      vertex 133.04327719506773 0 12.703899405809462
      vertex 133.24164201439325 3 13.258291936473226
    endloop
  endfacet
  facet normal -0.9415440651830279 0 0.33688985339220023
    outer loop
      vertex 133.04327719506773 0 12.703899405809462
      vertex 133.24164201439325 0 13.258291936473226
      vertex 133.24164201439325 3 13.258291936473226
    endloop
  endfacet
  facet normal -0.9700312531945441 0 0.24298017990326343
    outer loop
      vertex 133.38471168241938 3 13.82945806790323
      vertex 133.24164201439325 0 13.258291936473226
      vertex 133.38471168241938 0 13.82945806790323
    endloop
  endfacet
  facet normal -0.9700312531945441 0 0.24298017990326343
    outer loop
      vertex 133.38471168241938 3 13.82945806790323
      vertex 133.24164201439325 3 13.258291936473226
      vertex 133.24164201439325 0 13.258291936473226
    endloop
  endfacet
  facet normal -0.9891765099647792 0 0.1467304744553734
    outer loop
      vertex 133.38471168241938 3 13.82945806790323
      vertex 133.38471168241938 0 13.82945806790323
      vertex 133.47110836003318 3 14.411897158022636
    endloop
  endfacet
  facet normal -0.9891765099647792 0 0.1467304744553734
    outer loop
      vertex 133.38471168241938 0 13.82945806790323
      vertex 133.47110836003318 0 14.411897158022636
      vertex 133.47110836003318 3 14.411897158022636
    endloop
  endfacet
  facet normal -0.9987954562051726 0 0.049067674327412325
    outer loop
      vertex 133.5 3 15
      vertex 133.47110836003318 0 14.411897158022636
      vertex 133.5 0 15
    endloop
  endfacet
  facet normal -0.9987954562051726 0 0.049067674327412325
    outer loop
      vertex 133.5 3 15
      vertex 133.47110836003318 3 14.411897158022636
      vertex 133.47110836003318 0 14.411897158022636
    endloop
  endfacet
  facet normal -0.9987954562051726 0 -0.049067674327412325
    outer loop
      vertex 133.47110836003318 3 15.588102841977364
      vertex 133.5 3 15
      vertex 133.5 0 15
    endloop
  endfacet
  facet normal -0.9987954562051726 0 -0.049067674327412325
    outer loop
      vertex 133.47110836003318 3 15.588102841977364
      vertex 133.5 0 15
      vertex 133.47110836003318 0 15.588102841977364
    endloop
  endfacet
  facet normal -0.9891765099647791 0 -0.14673047445537385
    outer loop
      vertex 133.38471168241938 3 16.170541932096768
      vertex 133.47110836003318 0 15.588102841977364
      vertex 133.38471168241938 0 16.170541932096768
    endloop
  endfacet
  facet normal -0.9891765099647791 0 -0.14673047445537385
    outer loop
      vertex 133.38471168241938 3 16.170541932096768
      vertex 133.47110836003318 3 15.588102841977364
      vertex 133.47110836003318 0 15.588102841977364
    endloop
  endfacet
  facet normal -0.9700312531945441 0 -0.24298017990326343
    outer loop
      vertex 133.38471168241938 3 16.170541932096768
      vertex 133.38471168241938 0 16.170541932096768
      vertex 133.24164201439325 3 16.741708063526772
    endloop
  endfacet
  facet normal -0.9700312531945441 0 -0.24298017990326343
    outer loop
      vertex 133.38471168241938 0 16.170541932096768
      vertex 133.24164201439325 0 16.741708063526772
      vertex 133.24164201439325 3 16.741708063526772
    endloop
  endfacet
  facet normal -0.9415440651830282 0 -0.3368898533921993
    outer loop
      vertex 133.04327719506773 3 17.296100594190538
      vertex 133.24164201439325 0 16.741708063526772
      vertex 133.04327719506773 0 17.296100594190538
    endloop
  endfacet
  facet normal -0.9415440651830282 0 -0.3368898533921993
    outer loop
      vertex 133.04327719506773 3 17.296100594190538
      vertex 133.24164201439325 3 16.741708063526772
      vertex 133.24164201439325 0 16.741708063526772
    endloop
  endfacet
  facet normal -0.9039892931234348 0 -0.4275550934303001
    outer loop
      vertex 133.04327719506773 3 17.296100594190538
      vertex 133.04327719506773 0 17.296100594190538
      vertex 132.79152758609013 3 17.828380420955988
    endloop
  endfacet
  facet normal -0.9039892931234348 0 -0.4275550934303001
    outer loop
      vertex 133.04327719506773 0 17.296100594190538
      vertex 132.79152758609013 0 17.828380420955988
      vertex 132.79152758609013 3 17.828380420955988
    endloop
  endfacet
  facet normal -0.8032075314806507 0 -0.5956993044924255
    outer loop
      vertex 132.48881767381528 0 18.333421398117615
      vertex 132.13806272017644 0 18.806359704981872
      vertex 132.13806272017644 3 18.806359704981872
    endloop
  endfacet
  facet normal -0.8032075314806507 0 -0.5956993044924255
    outer loop
      vertex 132.48881767381528 3 18.333421398117615
      vertex 132.48881767381528 0 18.333421398117615
      vertex 132.13806272017644 3 18.806359704981872
    endloop
  endfacet
  facet normal -0.8577286100002789 0 -0.5141027441932103
    outer loop
      vertex 132.48881767381528 3 18.333421398117615
      vertex 132.79152758609013 0 17.828380420955988
      vertex 132.48881767381528 0 18.333421398117615
    endloop
  endfacet
  facet normal -0.8577286100002789 0 -0.5141027441932103
    outer loop
      vertex 132.48881767381528 3 18.333421398117615
      vertex 132.79152758609013 3 17.828380420955988
      vertex 132.79152758609013 0 17.828380420955988
    endloop
  endfacet
  facet normal 0 0 -1
    outer loop
      vertex 101.5 3 21
      vertex 127.5 3 21
      vertex 127.5 0 21
    endloop
  endfacet
  facet normal -0.04906767432741864 0 -0.9987954562051724
    outer loop
      vertex 127.5 3 21
      vertex 128.08810284197736 0 20.97110836003318
      vertex 127.5 0 21
    endloop
  endfacet
  facet normal -0.14673047445536117 0 -0.9891765099647811
    outer loop
      vertex 128.08810284197736 0 20.97110836003318
      vertex 128.08810284197736 3 20.97110836003318
      vertex 128.67054193209677 0 20.884711682419383
    endloop
  endfacet
  facet normal -0.04906767432741864 0 -0.9987954562051724
    outer loop
      vertex 128.08810284197736 3 20.97110836003318
      vertex 128.08810284197736 0 20.97110836003318
      vertex 127.5 3 21
    endloop
  endfacet
  facet normal -0.14673047445536117 0 -0.9891765099647811
    outer loop
      vertex 128.08810284197736 3 20.97110836003318
      vertex 128.67054193209677 3 20.884711682419383
      vertex 128.67054193209677 0 20.884711682419383
    endloop
  endfacet
  facet normal -0.7409511253549518 0 -0.6715589548470263
    outer loop
      vertex 131.7426406871193 3 19.242640687119284
      vertex 132.13806272017644 0 18.806359704981872
      vertex 131.7426406871193 0 19.242640687119284
    endloop
  endfacet
  facet normal -0.7409511253549518 0 -0.6715589548470263
    outer loop
      vertex 131.7426406871193 3 19.242640687119284
      vertex 132.13806272017644 3 18.806359704981872
      vertex 132.13806272017644 0 18.806359704981872
    endloop
  endfacet
  facet normal -0.6715589548470138 0 -0.7409511253549633
    outer loop
      vertex 131.30635970498187 3 19.63806272017642
      vertex 131.7426406871193 0 19.242640687119284
      vertex 131.30635970498187 0 19.63806272017642
    endloop
  endfacet
  facet normal -0.6715589548470138 0 -0.7409511253549633
    outer loop
      vertex 131.30635970498187 3 19.63806272017642
      vertex 131.7426406871193 3 19.242640687119284
      vertex 131.7426406871193 0 19.242640687119284
    endloop
  endfacet
  facet normal -0.5956993044924391 0 -0.8032075314806407
    outer loop
      vertex 131.30635970498187 0 19.63806272017642
      vertex 130.83342139811762 0 19.98881767381527
      vertex 130.83342139811762 3 19.98881767381527
    endloop
  endfacet
  facet normal -0.5956993044924391 0 -0.8032075314806407
    outer loop
      vertex 131.30635970498187 3 19.63806272017642
      vertex 131.30635970498187 0 19.63806272017642
      vertex 130.83342139811762 3 19.98881767381527
    endloop
  endfacet
  facet normal -0.5141027441932237 0 -0.8577286100002709
    outer loop
      vertex 130.328380420956 3 20.29152758609013
      vertex 130.83342139811762 0 19.98881767381527
      vertex 130.328380420956 0 20.29152758609013
    endloop
  endfacet
  facet normal -0.5141027441932237 0 -0.8577286100002709
    outer loop
      vertex 130.328380420956 3 20.29152758609013
      vertex 130.83342139811762 3 19.98881767381527
      vertex 130.83342139811762 0 19.98881767381527
    endloop
  endfacet
  facet normal -0.4275550934302734 0 -0.9039892931234474
    outer loop
      vertex 129.79610059419053 3 20.54327719506772
      vertex 130.328380420956 0 20.29152758609013
      vertex 129.79610059419053 0 20.54327719506772
    endloop
  endfacet
  facet normal -0.33688985339222255 0 -0.9415440651830198
    outer loop
      vertex 129.24170806352677 0 20.741642014393253
      vertex 129.24170806352677 3 20.741642014393253
      vertex 129.79610059419053 0 20.54327719506772
    endloop
  endfacet
  facet normal -0.4275550934302734 0 -0.9039892931234474
    outer loop
      vertex 130.328380420956 3 20.29152758609013
      vertex 130.328380420956 0 20.29152758609013
      vertex 129.79610059419053 3 20.54327719506772
    endloop
  endfacet
  facet normal -0.33688985339222255 0 -0.9415440651830198
    outer loop
      vertex 129.24170806352677 3 20.741642014393253
      vertex 129.79610059419053 3 20.54327719506772
      vertex 129.79610059419053 0 20.54327719506772
    endloop
  endfacet
  facet normal -0.24298017990326343 0 -0.9700312531945441
    outer loop
      vertex 128.67054193209677 3 20.884711682419383
      vertex 129.24170806352677 0 20.741642014393253
      vertex 128.67054193209677 0 20.884711682419383
    endloop
  endfacet
  facet normal -0.24298017990326343 0 -0.9700312531945441
    outer loop
      vertex 129.24170806352677 3 20.741642014393253
      vertex 129.24170806352677 0 20.741642014393253
      vertex 128.67054193209677 3 20.884711682419383
    endloop
  endfacet
endsolid OpenSCAD_Model
